Class,Contrast,DM,Energy,IDM
0.0,204830709148844.28,249694526023.31,298252.0,1445500.97
0.0,22174060654444.88,40505962538.99,111849.56,559480.69
0.0,52443232780277.12,85394158565.35,181709.9,856904.2
0.0,37057388219634.1,65682827284.7,163615.13,751322.28
0.0,16807980845927.23,33402121426.61,111845.33,581905.76
0.0,43758744578150.46,73094373823.88,165517.38,842854.19
0.0,11942628980575.11,25704234389.4,93586.77,470735.13
0.0,20513402451692.06,38797709090.41,111278.67,532549.26
0.0,15102324725720.52,31577264888.63,109647.73,544777.69
0.0,10740931335197.92,23743937899.69,88178.7,436973.59
0.0,61783756342173.38,93578219765.84,177924.15,912275.65
0.0,14754801974533.1,30096815603.53,99737.7,499909.9
0.0,19799915243599.86,36390335546.58,98601.06,511025.92
0.0,50680616090065.3,79420960017.39,167911.32,836976.07
0.0,142930083020493.47,173729308415.21,210194.8,1204786.32
0.0,18455296958362.66,37475076687.79,123926.74,616873.78
0.0,191061625032692.62,225468990885.62,250759.23,1369995.15
0.0,15853184205728.75,33512399779.07,114506.65,568314.85
0.0,19780878792946.61,37621612846.47,106563.79,519511.86
0.0,23866567998309.91,45555919834.42,135546.91,668004.92
0.0,63184287095574.4,91807841955.56,160712.55,833972.61
0.0,23537745421854.69,43387582567.19,113938.78,615404.31
0.0,2326824357332.33,6841081444.77,46913.65,241200.35
0.0,43788102352680.0,71397535281.59,159268.6,810642.96
0.0,56953105877221.42,87452428416.89,168091.31,868482.8
0.0,4758677553325.82,11970225996.34,66324.43,331804.79
0.0,130647814428602.78,163720931913.62,213769.92,1083475.05
0.0,19037077036168.1,36798770786.14,109301.18,562932.18
0.0,74969216241764.72,119469899140.36,241674.51,1125485.36
0.0,147298374585618.03,189226896410.24,254118.01,1287438.7
0.0,67256273624095.67,100091057543.67,179961.72,931970.97
0.0,98300053922627.98,128448574708.14,182110.14,970974.62
0.0,23743833884970.58,45204192417.74,132770.37,647044.26
0.0,136650881602058.52,174858627021.73,230695.37,1237183.87
0.0,10153546382187.03,22547125838.9,89539.02,447921.46
0.0,271601460263490.47,302774349376.33,314694.28,1585605.88
0.0,18672970960650.02,38523321143.24,124451.18,586388.98
0.0,85286219882535.69,122021446507.8,208711.72,1005641.95
0.0,17796384429068.54,36101047616.03,116081.19,552318.91
0.0,121286829514698.88,163514120782.7,238040.5,1258269.67
0.0,102014256855904.45,143026945552.76,226185.87,1163247.76
0.0,73501660907186.66,107722302541.81,191491.57,957133.38
0.0,5631967622709.36,14839598576.03,78043.56,389745.36
0.0,29158746635435.51,52232684921.86,136543.3,624038.92
0.0,26155632110410.14,46489443503.88,115946.32,573044.25
0.0,14967829290500.28,30272883013.41,99293.86,503871.34
0.0,2318888664073.85,7057992073.97,50006.99,252655.57
0.0,12484279686354.91,26391243557.15,96969.51,496255.4
0.0,11107453132750.46,23746232356.65,87147.87,417387.59
0.0,17762837747334.14,35616307643.7,115975.38,569776.03
0.0,40861494037744.7,68846357455.29,158488.25,745974.61
0.0,41639518284334.29,72256499691.43,174535.09,854959.5
0.0,37603428825591.22,61647694976.85,140434.36,678293.81
0.0,22991601989571.15,41910601303.46,123468.97,668774.69
0.0,44162469446069.28,74681356785.82,178127.15,845116.14
0.0,35655933889367.02,61863038638.07,151147.78,749583.8
0.0,85776355129841.23,123760726067.48,205142.16,999844.59
0.0,27123357370969.6,49844862808.37,134230.84,707187.24
0.0,43905949393946.88,69315731637.27,140407.19,695319.23
0.0,72207483244470.64,110359995862.28,210992.22,988804.93
0.0,18009136057974.54,36123792832.94,107971.91,549509.62
0.0,61506648109744.2,96733013458.33,194123.05,928885.57
0.0,30811183125073.86,59178673830.89,167077.25,829617.08
0.0,302589902290061.3,339744509868.95,350714.52,1671319.39
0.0,47107868651434.2,73855275462.08,147227.43,737703.83
0.0,83909167488658.48,122376019344.7,209663.3,1010533.97
0.0,22829425990548.2,43836640099.75,125765.16,611764.1
0.0,22709189618168.78,40654970898.06,111123.94,547183.99
0.0,25064480057485.96,46242927804.09,126900.3,674469.87
0.0,53465810571285.86,85736047085.38,172787.13,853271.37
0.0,16178538060046.89,32308336831.92,104875.62,508566.55
0.0,68773716740586.63,107654193490.07,215503.01,998197.25
0.0,10815314805284.4,24048682758.69,96359.29,458920.34
0.0,22529464838571.99,43560791521.06,133530.98,649193.37
0.0,12099016298843.41,25986746703.5,96501.45,531474.85
0.0,36748679190723.64,63986029955.69,155211.05,734993.21
0.0,95695831456872.58,138208713667.44,238677.8,1161015.22
0.0,48888797372786.18,81660670098.73,183300.22,868771.17
0.0,60550387531025.59,96130313370.2,199074.26,988481.51
0.0,121367881311689.72,165228573711.41,248381.4,1210493.62
0.0,8860504096929.63,20099018996.96,83427.7,424944.42
0.0,42941472595548.11,73580376248.23,171525.49,871465.37
0.0,18598022862131.56,37276260274.88,117116.97,615343.28
0.0,261877855600882.2,299858222991.77,334049.77,1705734.41
0.0,49249596946716.13,76978999286.01,156605.66,756302.18
0.0,27074070015969.76,51098154485.82,147864.36,727370.11
0.0,39862712522769.94,66288204996.4,154376.93,726156.98
0.0,23902035433731.14,43877731665.56,121135.79,580606.82
0.0,15134836907998.16,31023289648.97,104808.14,516296.52
0.0,56958324237038.29,91082118222.09,186466.74,867343.8
0.0,40297871152940.61,68489519037.82,161671.66,762022.73
0.0,68056084393601.48,100053050865.43,178928.34,921425.61
0.0,75648097373111.77,104119330396.49,158523.43,799210.18
0.0,14392351642303.16,29767883415.96,103139.81,567859.04
0.0,58566402688928.09,91318887729.94,190017.13,940637.46
0.0,44103190015408.19,73535534735.56,175319.82,813983.65
0.0,176733239715051.34,216451114980.41,271076.66,1328520.48
0.0,18235043774110.12,34699444140.87,104968.82,509492.76
0.0,17044939448594.26,37099286702.49,131831.24,678772.16
0.0,15663412341088.22,33272851452.09,116471.53,588464.7
0.0,61839008031415.12,93133183381.69,174490.28,888092.0
0.0,78340683386266.1,119255100822.6,221542.81,1073289.9
0.0,92679389235898.69,131618807150.07,219253.22,1087264.43
0.0,50772165595172.8,79917482223.9,162963.67,772271.86
0.0,55502127829061.49,89462213177.85,189896.96,933083.18
0.0,16185402938413.47,32603389975.73,106184.01,548251.69
0.0,25573280079694.85,47101210164.24,123998.14,614800.22
0.0,39516985477518.6,64270975827.08,143160.29,711039.89
0.0,117941045704469.45,153531102829.34,227033.57,1117246.03
0.0,17668253744768.9,35661789491.69,121246.73,558457.12
0.0,173613273720355.84,213695767933.87,270036.84,1318515.82
0.0,16023928015850.88,32977698840.29,111061.52,562465.27
0.0,287885728068537.2,312311408017.29,302441.72,1626671.47
0.0,46963116691097.57,75561889679.33,161735.54,777894.69
0.0,11972243785285.84,26303770930.0,98435.78,464899.96
0.0,85581976054763.38,126953343950.09,232103.17,1056469.0
0.0,14839478380151.04,30452769976.39,101090.66,511924.81
0.0,41831057518345.92,72138054957.19,174293.43,859760.02
0.0,56155981925558.27,86260282884.13,165750.16,893498.12
0.0,57775115933078.3,93335718999.92,197734.3,895122.15
0.0,57029267494334.0,91869993184.79,192016.56,916111.52
0.0,66057305488046.33,102959329760.96,200305.67,953624.06
0.0,82516819641856.16,118039885349.92,200974.28,1001494.51
0.0,39022724914738.84,62708348258.2,136884.47,707986.4
0.0,15942970304784.14,34487346096.04,125034.75,584323.79
0.0,27339902246133.28,51153020258.41,144119.86,688233.71
0.0,9060399869177.58,20732855677.93,89724.69,442931.34
0.0,14703064671011.39,30163307607.61,101430.43,488939.31
0.0,16038692869619.2,31849928154.44,102725.62,502100.1
0.0,83755470093629.64,122744656842.76,215706.08,1005587.01
0.0,47516560405845.27,76717604019.85,163279.36,812530.71
0.0,131336211830637.92,170793901566.06,238857.12,1251842.57
0.0,7408522562829.72,17080189602.47,74558.25,353260.42
0.0,13877488020800.24,29662903976.84,105829.49,519640.8
0.0,43963744093753.7,68748039261.94,142687.14,750167.33
0.0,4974194772985.54,11906744053.47,57106.92,291217.6
0.0,9261004437759.38,20632737123.25,81892.4,410303.87
0.0,12459042343505.32,26453829320.01,95747.84,468927.27
0.0,102831089195617.69,143832724138.42,218355.55,1139652.63
0.0,22029485162924.9,43048877103.65,132634.36,658004.54
0.0,21486366177408.47,39993106885.65,107967.79,551049.12
0.0,29124276609226.52,54244408407.1,154141.15,734010.1
0.0,58975488847142.83,92378567513.86,181513.77,919532.92
0.0,7518367654860.04,17717069455.0,80891.24,379292.59
0.0,23748513306162.91,45369568105.93,129029.31,598645.25
0.0,30170517331851.45,51524792834.79,122042.94,672790.56
0.0,69524139715964.66,105418644333.12,205806.62,977315.97
0.0,8953443244451.66,19924605969.06,79282.03,408050.9
0.0,25406978167101.92,46186179861.58,127365.31,610219.29
0.0,36041739116591.06,59707555881.09,128546.1,636152.2
0.0,22100604806183.84,43217625556.08,134599.89,655048.21
0.0,6638264640243.03,15345630482.79,70881.91,352443.27
0.0,189643222350401.88,231803353529.33,279707.86,1363109.05
0.0,28715953885466.34,50544494188.11,127262.14,648441.05
0.0,50693345274914.83,77188872595.07,151124.09,759009.59
0.0,86919672884228.2,122132197912.15,198684.46,1011662.42
0.0,39829096736944.28,69789480299.97,177264.22,905470.85
0.0,48458539103296.7,77780716393.54,160164.42,776011.23
0.0,30331670270254.5,54126575533.62,142717.0,679291.36
0.0,13193966615240.63,26845794911.77,91980.79,496523.25
0.0,30312454953724.5,54951868113.92,141849.68,747908.51
0.0,21135061738107.15,41159296750.33,121296.36,586741.92
0.0,13512424039621.1,28016897217.79,94512.74,480762.0
0.0,33905613745096.87,60164301769.63,152223.62,721379.99
0.0,9238114211006.74,21215155378.45,87780.07,444976.29
0.0,84735818653770.92,118349946403.28,195534.41,954181.16
0.0,23466128789998.67,45247286717.16,136260.91,648576.1
0.0,10106472845935.05,22481715866.66,89304.4,432056.27
0.0,20145750690250.2,36626303185.46,100557.77,527460.87
0.0,9060758905962.68,19227457813.24,75435.17,397298.44
0.0,159948915578167.88,202537709694.3,252407.78,1357707.49
0.0,30314340365212.97,51813389480.91,124585.59,685012.62
0.0,38259650738526.88,66442069327.54,158264.62,730922.73
0.0,20027970791019.89,41188836057.66,139099.1,639132.47
0.0,21995324341055.72,42437311841.13,128884.52,619051.43
0.0,26096214309107.1,49237658156.23,133716.87,701940.41
0.0,11014789853335.12,22811397571.03,78150.82,420436.14
0.0,25419075863399.06,47731551220.62,130642.11,645632.56
0.0,18615456387809.53,36900389918.3,114698.78,540850.25
0.0,17681783131029.72,35035905256.08,104964.53,544199.43
0.0,11834418472931.78,25862333768.92,98887.27,479874.1
0.0,4754593205614.49,11435091596.73,56241.58,310374.65
0.0,242069764420575.16,282301079898.43,311560.27,1522944.75
0.0,76712332369251.52,111736331893.63,194326.34,1004058.5
0.0,51613635368641.61,82984833710.72,175543.89,859057.71
0.0,63212795923633.05,97976353964.64,184351.05,963256.84
0.0,13246844793893.97,28744119823.84,103545.92,545069.08
0.0,50708128292692.73,80926894564.09,167701.63,813084.58
0.0,47253617678409.59,77528863506.91,172532.21,827647.33
0.0,15620519081284.1,32853970151.69,113364.3,575529.97
0.0,40539530624407.6,67545877473.98,154067.02,718922.73
0.0,30924117796380.56,53729285520.38,133549.62,661558.07
0.0,45545033783876.48,76240760486.91,169338.22,802964.48
0.0,35388906527942.67,61835089068.88,154048.3,723469.96
0.0,130617570261914.45,167195807234.67,220160.63,1186727.26
0.0,48096716427658.89,75887029387.04,157430.6,781649.43
0.0,12067040768562.4,27077543936.42,110382.48,540594.65
0.0,95739900806000.84,138223430671.79,231574.44,1184261.12
0.0,12513686590827.85,24752357267.76,83005.61,440538.72
0.0,24813797271146.74,46153890944.36,128028.66,588767.29
0.0,34439527182706.65,61433031704.09,154707.68,755144.87
0.0,31670865947743.15,56362550467.82,140857.71,681367.51
0.0,12492512404345.13,25863037399.63,90910.14,447687.74
0.0,13872873915274.18,28644449514.89,99298.11,495928.61
0.0,95795169334290.69,134403190772.13,216524.77,1081097.34
0.0,96912824552539.2,138031474882.18,225335.15,1067253.88
0.0,21627250689146.6,42740661515.53,138153.02,672961.37
0.0,88903265288240.61,130693436050.03,226027.08,1153223.81
0.0,19660050706758.03,38835217584.98,118003.23,587660.76
0.0,4399388824613.32,10961421021.71,58082.53,295644.07
0.0,40843326661218.65,69708874825.39,160117.92,790683.62
0.0,52849458799478.12,83755916137.41,169068.35,841382.57
0.0,581107630952113.2,546719153015.06,396426.61,2000260.88
0.0,32475656023417.78,54296911927.16,121309.8,642926.32
0.0,55050251416501.23,86150914685.21,177232.61,898993.1
0.0,58282440218590.23,91464866683.13,182729.28,897635.95
0.0,64770583508163.35,98166848366.7,184314.6,1036762.76
0.0,35646442810237.7,60570724667.95,148216.32,751778.56
0.0,15855864278656.41,32139536980.92,109278.67,544221.64
0.0,35710791916020.38,62829005430.18,153130.85,722786.35
0.0,13469039626073.44,27772212584.12,92581.32,472704.82
0.0,33739162180589.28,59717116840.36,145976.14,784532.93
0.0,43886412315036.17,72745418566.29,166578.75,828513.54
0.0,27277264779965.42,51140579704.75,137071.16,721593.13
0.0,68334810551572.3,105028114563.1,195842.04,979691.49
0.0,39763206767463.33,68975238509.14,165848.37,848854.38
0.0,117351797455349.22,150820990251.05,207997.98,1117763.53
0.0,12153500229941.28,26773289571.52,108957.89,542900.74
0.0,54797444832237.1,80957788287.4,146957.7,793109.44
0.0,18176755367416.36,37737150323.72,128699.02,603336.27
0.0,87369201462097.05,120114003711.83,190022.28,1016864.05
0.0,166879656143017.7,211685771465.59,293796.28,1413823.31
0.0,21855707062676.99,41364869921.74,118861.07,592649.31
0.0,4723243681780.85,11953944203.7,60955.77,304250.18
0.0,67967173581682.89,106029446521.81,210675.99,999871.66
0.0,17101474077536.84,34296655544.64,109969.11,550474.92
0.0,18081447239604.41,35955772727.16,113862.05,558283.09
0.0,54614794550751.92,89661048389.14,194599.68,917730.05
0.0,45698972292113.62,76950934704.51,174276.75,818873.4
0.0,12007532463913.5,25903051876.61,96646.16,470442.28
0.0,80381987936598.75,117901808473.18,202713.96,982197.2
0.0,57910141669783.98,88296694253.09,164330.27,834591.45
0.0,17932001987153.8,36288822799.03,113594.86,545253.65
0.0,35842574538147.9,60176874886.39,140305.98,713201.44
0.0,140244814322995.69,172164433487.5,218462.28,1121706.88
0.0,58453298077195.07,92164607646.7,182513.12,924824.63
0.0,95659540337051.77,129468386796.48,191913.52,1018496.26
0.0,56355308690328.44,88526974926.39,178445.13,916986.29
0.0,39270121301491.3,68050341824.96,169711.9,807134.58
0.0,29792229393361.11,53680973491.19,134265.34,662251.53
0.0,48021551762736.36,77336123999.76,162959.67,840903.45
0.0,127856229749145.38,161118294039.95,207107.9,1124956.38
0.0,77984952321825.1,110249968332.31,197199.42,943879.32
0.0,247947764478775.38,267955227833.09,253704.62,1382630.54
0.0,89997295134955.98,116567615036.54,167472.26,960526.58
0.0,19620110848402.83,36247218356.17,104272.38,544982.96
0.0,94517607678261.31,134413176372.28,224834.84,1073339.99
0.0,132044880334991.95,170552601143.81,234178.69,1234290.53
0.0,9235416635962.36,20774216965.33,82713.68,392061.26
0.0,230099136964913.4,268556530238.6,296622.26,1556552.0
0.0,28811320031388.94,54064749758.76,150207.09,717546.76
0.0,27853093610335.13,48601123724.68,122014.54,705111.88
0.0,134784274917933.9,167123175156.67,214135.04,1090920.12
0.0,40332313984622.3,68511337588.36,155410.93,739130.27
0.0,42375718896646.12,73250280048.8,175548.37,802456.38
0.0,27330393506553.46,51420207296.59,143924.89,719865.3
0.0,110060470175242.52,143919965581.41,201623.25,1071426.39
0.0,36233096471507.5,63695845409.39,158301.82,774690.95
0.0,153152047843153.78,191315451439.37,254240.7,1269451.05
0.0,83745065936620.6,120124557680.59,209226.45,1039281.56
0.0,166448900095928.75,211874226350.0,280177.2,1370939.18
0.0,41404106023428.46,68711730064.53,157139.43,764019.36
0.0,19390257433693.36,38191506864.74,125596.94,622931.66
0.0,9708201620177.3,22171381558.52,92143.49,482019.68
0.0,40671213333972.82,70325321769.73,170802.91,798618.53
0.0,15675547712825.08,32711183451.88,114949.52,538972.73
0.0,76687008807009.23,107914420785.35,174469.75,851262.41
0.0,57119012899503.79,87745568843.06,160825.31,844677.57
0.0,6659432854230.94,16811852032.12,82849.39,405480.04
0.0,293601136611011.9,304460876061.71,281209.56,1507972.59
0.0,8732246541435.57,19277402668.71,77602.75,395506.91
0.0,12069916213033.2,25307326712.92,91642.96,447037.4
0.0,21903555595919.34,43845569244.61,144516.84,683938.62
0.0,18179866318221.03,36715096433.19,121210.48,577295.78
0.0,13978671015311.84,28999509551.92,100382.81,521829.22
0.0,49787865703883.5,79377237155.7,166957.09,878076.7
0.0,51125130349223.91,80322088397.34,166264.81,863230.18
0.0,7393787849498.84,16640860596.81,68242.61,358093.46
0.0,16594722096381.02,33344567323.94,101272.02,519333.12
0.0,197785118739043.38,235367117735.37,280507.17,1494246.97
0.0,35596303071495.25,61588192494.37,148684.04,702446.54
0.0,28200378367059.58,51223063322.35,136632.56,694119.83
0.0,288527274176956.9,319930218613.17,318171.49,1650936.82
0.0,52264186963771.34,84056607609.36,175193.78,833810.32
0.0,312210002460336.4,329068230901.15,292619.36,1661542.1
0.0,35992519690901.88,62374327720.51,150559.33,736156.91
0.0,115503194995066.44,154762023776.31,236119.98,1184635.32
0.0,50629864549156.29,80946129681.69,170173.61,881282.12
0.0,8329719756018.59,19301883723.26,82268.62,446097.07
0.0,92784493840672.64,128579480775.57,200754.55,1039870.15
0.0,24078572067427.91,44399136659.01,119449.44,579422.09
0.0,12943161571331.74,27946510761.42,110653.96,544373.94
0.0,38004092117627.46,63505634955.98,141816.67,724421.07
0.0,53649599483365.2,84702462880.7,166934.81,864481.96
0.0,25298617339435.69,46148826955.31,122745.14,574617.66
0.0,12718641855513.71,26281353074.8,93003.78,459852.65
0.0,20793757771564.68,39597812338.68,119466.76,586617.21
0.0,144083492187908.38,182363823122.31,240220.4,1215815.45
0.0,197314100210241.6,230127150794.95,272771.44,1378755.14
0.0,18871937912499.24,38187917332.89,122122.69,587146.84
0.0,43122569265316.4,70280712515.86,147068.54,734724.07
0.0,25034281186453.81,44884538350.33,117165.29,574192.23
0.0,19384506183469.08,37361159089.7,108020.79,521486.33
0.0,34810869240246.78,61847276602.83,167016.36,778287.77
0.0,39121312754311.46,67636281371.28,168497.36,836064.01
0.0,45238161967553.66,70629611508.77,146567.92,780977.61
0.0,91313174486972.81,126236547132.53,201739.76,1062299.98
0.0,15875258384614.13,32433352105.25,106872.84,519022.93
0.0,9442193161353.03,20628178989.96,80832.86,401344.9
0.0,11186187618014.26,24308350197.26,88490.96,431234.21
0.0,16774453621811.07,34187763979.68,107870.55,553310.78
0.0,22741389396402.75,41958925549.13,116602.7,555398.28
0.0,66892308420892.52,102205799742.15,201866.39,975100.69
0.0,135560783003825.38,170054548003.09,220879.69,1233295.58
0.0,27937632156892.71,50747333838.25,132381.17,671111.06
0.0,12397715278122.16,26274220129.61,92129.54,469464.56
0.0,33050394359202.2,59322417288.38,154256.4,753015.79
0.0,24615144286778.42,45277283105.21,130224.56,617739.64
0.0,9452909644874.4,21049479824.89,82442.95,413212.82
0.0,105828982021475.19,148234270748.69,240164.53,1177769.21
0.0,247013227311043.9,289048382781.57,314410.45,1821873.01
0.0,47873847429799.64,77616459734.48,165698.57,815024.16
0.0,80689984933083.77,116107707215.69,195827.0,997357.29
0.0,103720646876074.52,141714196668.36,216228.25,1059427.72
0.0,69931113581087.57,96498382998.41,154475.01,832700.92
0.0,671527604739997.1,616839896679.55,430792.08,2323937.13
0.0,11985278446222.19,26576199485.25,102402.47,513587.15
0.0,12047746977172.37,26126118323.46,100233.66,485156.43
0.0,58401139310383.31,88963007168.97,162460.39,869998.76
0.0,18058335033321.0,37974356866.87,132327.73,659754.66
0.0,16803211105011.08,33159366868.83,106291.88,537314.27
0.0,92391353988138.6,132824559417.13,223383.76,1086809.17
0.0,10749886182917.0,23768650679.64,92060.85,455509.27
0.0,9062290906489.84,21292503278.0,91740.01,436555.85
0.0,9470969827340.0,22635904613.66,101408.56,494267.19
0.0,39770897546375.96,63682620934.95,138839.06,681477.48
0.0,25682216027261.16,47368087414.72,132305.01,637659.88
0.0,18053125506369.97,35931636711.23,113650.51,535332.1
0.0,24736452447988.28,47583204405.1,142199.06,678781.6
0.0,17668721440871.24,36306563307.59,119569.91,572001.55
0.0,38369580261949.04,66088537475.24,159829.0,799784.83
0.0,64868083814603.05,100218780081.94,186720.26,926971.76
0.0,17855513661653.32,36137729571.53,115217.65,555998.31
0.0,70273625866689.12,103808349728.51,187014.4,921258.23
0.0,64584738485293.83,95985124778.7,175415.55,895900.96
0.0,500117132674398.56,484079416786.33,374869.2,1987867.21
0.0,44452506616078.64,72307686815.5,159084.33,785817.7
0.0,18854472025975.77,36019808973.48,113243.77,568858.54
0.0,29261052470669.28,52744576585.41,130886.93,683223.94
0.0,12688272835460.15,27949346820.71,107927.78,533586.87
0.0,65771973435874.37,99040569282.37,182309.16,979715.03
0.0,110590953602231.78,148913947067.42,217964.96,1166863.29
0.0,27604847101722.1,50201585139.46,134867.6,641944.43
0.0,57970839988519.66,87702556196.82,160421.34,864506.08
0.0,28717091542078.16,52149466326.09,136671.42,668397.11
0.0,66347721114248.45,99522250456.72,185586.48,884964.07
0.0,46228877679886.55,76294271468.95,178829.02,898902.8
0.0,46102142971226.96,72112865594.65,142997.43,771310.28
0.0,37374867758015.7,65104428387.21,157856.11,767574.16
0.0,34148196076283.28,58238245760.39,138474.96,698790.0
0.0,78034486477916.2,114834860613.61,200894.61,1026074.51
0.0,61372749134416.44,96238967425.96,194971.5,967412.46
0.0,20620977393017.62,39621832706.67,115276.79,570644.3
0.0,53400992449118.71,83869717906.45,172084.63,875018.15
0.0,16515518850145.22,33294097316.08,107157.42,509697.2
0.0,18705663871931.74,38730046687.55,130033.76,601133.92
0.0,43203411231631.06,68794708068.73,143505.38,764870.19
0.0,92528917205155.27,126232451773.9,193658.39,1049445.32
0.0,11398640377504.24,24176396673.7,86891.48,441060.71
0.0,24967606437083.9,47622545166.22,134453.27,623584.15
0.0,39010138255083.85,65911248257.89,154324.42,743449.37
0.0,126153105268145.44,166118913422.41,233196.43,1223005.99
0.0,63573371995379.76,96223607684.72,173259.87,969479.26
0.0,24319695906810.38,45593906092.75,134407.05,654733.66
0.0,35029701124532.44,61197706539.83,161454.67,791494.62
0.0,223574631004835.62,253226225609.23,280335.85,1488015.67
0.0,214826263262090.1,237837658190.79,248193.94,1354084.69
0.0,9528950011759.9,22370956372.45,94531.07,450691.97
0.0,160055392550256.88,194094128805.03,241910.07,1222830.18
0.0,21166693234444.06,40997442565.41,117692.89,564764.32
0.0,50799453013585.97,80957515735.42,170997.79,843807.24
0.0,28425854076122.46,51754046040.11,134781.11,633541.89
0.0,366693986648545.25,389965403283.37,370431.46,1878726.51
0.0,9698754191460.18,21813868178.03,87735.07,430166.23
0.0,42219124451959.51,70889411300.56,167331.49,782657.32
0.0,202215500431977.38,239127962504.04,271013.45,1478167.01
0.0,16383352292829.83,31801140167.25,99061.18,502205.35
0.0,8568144570516.56,20376609640.1,90098.45,430966.49
0.0,36959259706179.61,64179674507.67,157856.03,747627.05
0.0,159994505784048.7,190142662111.3,218407.26,1132968.59
0.0,145833490188982.3,193394637717.67,278454.06,1309215.07
0.0,336417994232082.0,363962068599.38,355499.98,1742347.82
0.0,47921993889044.54,77244475004.54,166176.37,886105.88
0.0,68837333194277.18,100145464076.21,174459.84,965789.78
0.0,59375045055372.8,89951418960.52,171487.3,837649.31
0.0,61946983054816.25,95023088412.74,181341.41,942076.89
0.0,12588111113046.24,25201517706.82,83538.34,422099.33
0.0,23761021072885.01,43740752334.35,118878.39,559031.16
0.0,34558849322283.56,58657512388.73,139711.52,734181.08
0.0,14840447145159.82,32115273722.12,115322.16,557654.63
0.0,59217161889367.34,89843955266.84,167821.12,889304.15
0.0,40255198800504.72,64440488515.9,137942.5,698165.48
0.0,199605365071443.9,233270896841.5,261296.21,1400982.0
0.0,39864620378630.04,64767311755.6,146770.27,751926.05
0.0,6334198892922.11,14666924345.68,66651.82,347270.92
0.0,58151916962714.68,88805950981.46,165606.53,896158.2
0.0,14919713962391.36,29773980697.44,96210.08,473676.61
0.0,131628809908488.19,177550517959.88,268128.32,1278156.21
0.0,33947583551091.54,58395079579.25,142002.42,719067.61
0.0,99901253416085.72,145081806796.33,233617.52,1168669.64
0.0,47116875666628.07,77694112494.89,169484.74,818115.66
0.0,319594697140158.8,318642113830.61,259036.15,1354108.37
0.0,16827557560557.69,33979368272.98,108937.17,505161.09
0.0,26794339374157.19,49486419390.59,133863.31,631990.85
0.0,24101545803855.34,44725786175.97,121533.34,600531.71
0.0,49572290216996.7,82191311450.26,185671.88,911431.41
0.0,97334552262663.16,131418813064.15,199297.69,1064187.89
0.0,14719042192575.88,29751103764.29,98383.04,501116.69
0.0,47730639141891.61,75961682096.14,167012.57,790524.98
0.0,8523089206248.99,19875081492.02,87257.99,415358.48
0.0,49104165664357.86,79843730475.53,171535.22,873303.12
0.0,16979383268485.6,33062545317.66,97588.4,476661.93
0.0,8226067887348.66,18113719108.47,73346.22,386745.19
0.0,73051259017544.77,106188215309.51,179285.43,915362.69
0.0,50374673845691.23,83272027496.15,184790.48,885372.6
0.0,18906710008322.76,37770250986.47,113144.85,569201.66
0.0,13241121159467.6,28201499239.92,96293.32,487193.97
0.0,21011142587648.72,39642020374.94,114845.81,560370.59
0.0,24187694834311.06,44588423815.68,119919.74,624865.71
0.0,98304093968403.19,129200636743.83,183486.07,938121.57
0.0,63748169786823.67,96054972492.19,180874.15,868321.6
0.0,33767692104172.92,58616475340.35,144923.7,680017.74
0.0,45597166960280.45,74082529805.69,160182.32,846619.11
0.0,49279125292860.41,75862727168.39,147086.78,740411.42
0.0,172891776130559.12,207765645472.4,243792.78,1397277.46
0.0,192264368706535.62,230965027165.95,264430.78,1447930.04
0.0,252620550815089.84,277576274564.43,275858.79,1476856.89
0.0,36347673512344.22,62325632075.26,147563.69,695284.76
0.0,63241393397820.06,94233200936.34,171748.44,877230.1
0.0,36229420235057.64,62613668746.8,151227.61,716087.19
0.0,42061617306621.08,68607750026.07,148338.69,749604.21
0.0,22703558214513.41,40547369731.49,107306.73,567155.64
0.0,22805823528640.8,44456229456.18,134765.62,639778.37
0.0,31454948175509.4,56054383535.92,141242.1,668958.07
0.0,55925924442717.69,87713252478.88,178142.94,867424.36
0.0,43294913361642.32,71862056693.38,160744.88,808334.86
0.0,50826659604638.4,77166808216.85,147783.6,766362.24
0.0,41645323406417.35,67240226141.99,139438.28,708780.26
0.0,28187539197395.74,51682109508.61,144185.33,707742.06
0.0,20926788321884.47,40518821330.32,129480.9,659899.07
0.0,26814457666512.86,48469618801.82,131367.42,679422.24
0.0,67930952839972.02,102965174291.85,196385.56,937756.42
0.0,57295179599411.41,93061116724.03,203429.12,1012266.47
0.0,192623235967731.16,233140129680.3,281572.1,1369083.66
0.0,77651453365810.23,113521912978.23,196991.05,943974.96
0.0,120105499472688.7,157361345220.19,221963.51,1133416.26
0.0,11097587877022.66,23566375955.0,84328.39,432459.01
0.0,94124775931245.0,133405819492.7,235085.77,1134688.86
0.0,41561187072376.2,68946485903.65,155095.55,765628.12
0.0,48775439515298.48,77490330805.64,161179.72,792521.37
0.0,36670581323341.35,63478904318.91,151001.64,744511.43
0.0,12932792056502.64,28010699412.42,105891.32,486809.99
0.0,103074580911751.77,139845090095.56,199485.85,1068112.88
0.0,11329534515670.68,25948497874.35,106575.98,559702.47
0.0,12873923086933.43,27235753812.23,102328.39,483362.67
0.0,93866149798507.52,128001553941.66,194379.75,980968.39
0.0,64855052249122.78,96125784541.86,177538.11,857268.43
0.0,21549108098602.35,41032848375.68,118444.2,576209.15
0.0,31898919009386.7,55048868371.65,132582.03,632706.5
0.0,31782908381747.84,56995045001.93,147057.28,681212.86
0.0,58888212359032.22,94736612833.64,199051.91,944466.95
0.0,11694499920860.25,26179458583.42,110675.36,552134.5
0.0,163458281090190.3,196739193097.83,239911.31,1323692.68
0.0,10826679737830.9,23222750709.93,86356.27,422061.88
0.0,14486514045412.6,30679784115.84,107821.83,535912.36
0.0,13373084786150.19,28069225940.53,96623.18,487701.51
0.0,127984096096170.78,171939251597.74,261669.42,1318416.59
0.0,24512758776184.15,46362503785.28,133236.91,645604.04
0.0,8304577946257.83,19118562938.84,79859.36,407410.7
0.0,26159148656779.14,49621565798.38,142576.29,728110.91
0.0,8580031313674.04,20621413390.86,98054.91,504088.89
0.0,39976199715024.22,66880949375.17,152240.39,744574.26
0.0,41244992845168.85,69450129559.25,160117.69,795894.3
0.0,16570469942484.66,34540533650.88,113981.17,597869.34
0.0,9129195225190.8,19914433673.81,76392.88,382300.38
0.0,25198810325341.18,47563158143.61,132798.0,617156.12
0.0,199768464456072.47,242051868303.52,303944.02,1477988.38
0.0,73562172638463.95,109916113157.77,199130.47,1013567.73
0.0,134682352560179.9,175687741765.58,256366.04,1251578.88
0.0,223571223946807.16,254307948692.05,269656.78,1394930.09
0.0,29118848619573.3,54491805631.31,146093.04,689042.79
0.0,45995951143718.21,69788327189.3,135835.78,677633.59
0.0,48083410336226.69,73890690121.6,145572.22,716115.85
0.0,89865255193977.88,124814725880.86,196513.31,1034546.64
0.0,30597391518438.66,53520077493.19,132810.88,641052.95
0.0,18101225737496.77,35833661130.93,113605.93,530959.16
0.0,82533131537447.1,117669411329.12,183358.52,890164.5
0.0,91962496397681.72,128512945842.39,203721.08,987234.18
0.0,68903893229352.78,105120059883.33,211960.59,987814.43
0.0,21177470103737.24,39421824454.06,107923.23,567549.02
0.0,7140257547319.61,17181464074.2,78512.66,384625.8
0.0,82316196824278.47,119179932254.62,201093.64,995094.56
0.0,24206663520125.74,42596814912.85,109923.78,559841.42
0.0,53626824038422.79,84969457811.35,174122.41,808446.51
0.0,32071831753834.69,55046802355.1,128828.19,645189.66
0.0,463001721126193.25,456380316480.45,364330.09,1891831.74
0.0,81089432846992.33,115351784232.72,191828.6,949767.93
0.0,36521873953928.72,62813804179.79,145135.44,693019.88
0.0,14069835232013.75,29748685730.09,104056.81,509504.81
0.0,415763245678697.94,406837516244.1,318559.25,1757975.96
0.0,19966156940648.4,40043909019.3,129333.1,582939.27
0.0,206871323733247.25,238363161137.61,259736.52,1346735.55
0.0,19515419709872.1,37024596765.23,108961.37,558827.3
0.0,49358522552837.34,77507233495.36,161357.42,827436.8
0.0,10069228201362.86,21841687029.0,84161.26,414942.57
0.0,28228614926470.01,52579901532.45,140416.88,685451.5
0.0,22274185685617.12,44270333861.02,133085.6,646061.54
0.0,88499325111369.47,126760573216.85,209539.6,1032628.17
0.0,12836104357676.71,27640378531.02,96403.01,491459.97
0.0,15812643304397.88,32226179318.06,106252.18,527530.67
0.0,13792155782672.32,30083155058.24,108901.18,550954.82
0.0,93288475717279.34,129165643556.0,200225.83,1063789.09
0.0,19595784057136.17,38692600454.95,119445.7,566675.01
0.0,142521625159195.4,178121861079.38,226069.73,1222736.56
0.0,28282256610849.96,50177623194.12,131148.38,625854.78
0.0,6210657013797.01,14350553646.15,63239.97,340587.7
0.0,37739303015932.7,60029398002.36,129585.24,707977.13
0.0,35131336644516.46,59153014318.84,135130.49,665130.9
0.0,25120921044202.52,46653185646.33,126347.63,626457.15
0.0,7717804453837.09,17677826056.09,74763.95,387225.76
0.0,191966108843299.2,242208393761.22,310255.29,1670438.62
0.0,6683940366489.12,15670148765.0,68164.02,344241.76
0.0,57994040041585.2,90473781689.74,187549.11,924791.8
0.0,62904591161719.11,91451632690.75,162382.11,872336.17
0.0,3985361471798.68,10324365325.72,56241.95,283261.54
0.0,30113692305520.86,54178150149.17,136823.54,690850.07
0.0,109096938048518.2,140868463898.56,193304.42,1101683.96
0.0,176615809598050.0,206107157116.12,227706.89,1215740.08
0.0,30523367915547.68,53893964677.97,134430.01,671031.23
0.0,51044603101244.88,80004154410.57,164165.26,912230.44
0.0,14756511476230.34,28846417915.8,92222.77,462349.09
0.0,25805546050650.06,48450683320.02,136344.02,663041.8
0.0,50911844223350.59,77991071279.95,157372.76,788545.15
0.0,20165645492733.8,38874664803.32,118816.64,595367.4
0.0,48087087830763.07,76298656039.47,162293.7,816471.6
0.0,28831445258501.8,51147039201.8,132444.1,692362.44
0.0,88838375697535.34,126350694189.81,201112.22,1069824.59
0.0,34221283228641.16,56971121601.21,131145.31,670936.44
0.0,67152238057830.92,105162955036.4,204587.8,989572.42
0.0,37009582434127.31,63423658024.63,152162.34,707170.93
0.0,27478684280252.22,49510927868.09,131216.83,631806.3
0.0,17185197946238.1,34510525820.58,111964.86,521806.52
0.0,19628987527782.24,37472735144.07,108519.72,546572.36
0.0,17231946763071.28,32978964716.98,103849.98,522132.65
0.0,36516567707776.83,62117115014.31,145644.94,724942.75
0.0,50569894906712.16,78537593207.3,160261.79,800748.55
0.0,31876899528031.52,55640954506.07,138445.98,671105.57
0.0,45566786303746.57,74405106718.14,160424.16,766359.21
0.0,34797009059729.42,61398601648.35,157137.65,771096.0
0.0,22861267963036.69,42908097045.71,121420.11,596739.8
0.0,24962397881015.45,46133467279.87,131546.12,680202.94
0.0,21018725068167.55,41195084936.74,128389.3,621548.88
0.0,11046480653440.69,23757786244.4,88992.84,438200.75
0.0,4285440756702.63,11416923307.79,66182.06,326717.63
0.0,21219758742455.65,40079943450.89,115616.17,550178.9
0.0,518833964070379.94,486466555649.5,361924.51,2001069.05
0.0,11026099300158.56,26334271279.53,117226.5,574936.18
0.0,11967804397465.27,26534619865.55,100909.41,471335.27
0.0,12514265989542.97,27683080400.43,106353.85,525641.67
0.0,30492595398151.5,56515857109.66,150198.54,679545.04
0.0,3834583476821.74,9831247610.47,52706.62,286026.99
0.0,29699706756645.92,52963124443.01,145619.72,759035.94
0.0,13184272370084.85,25594681142.13,79179.86,401797.25
0.0,30142848648647.84,56052683335.24,147867.86,713662.49
0.0,30386747235157.5,54055156163.71,136496.32,661538.45
0.0,24885759461949.2,46299728768.15,130109.42,651591.45
0.0,91174452248710.38,130070592898.82,216859.76,1064836.62
0.0,5902701282305.56,14642149875.54,73615.48,381018.84
0.0,18596054591416.54,36780857850.42,119460.41,553762.04
0.0,22016301559412.34,42914299203.14,126628.4,573254.82
0.0,17573352466908.92,35637194444.56,114822.57,553829.67
0.0,67083683955626.52,98450118392.4,173686.07,883172.14
0.0,10996196059528.78,24763072585.85,101333.61,499468.37
0.0,17244163658553.86,31419907070.52,88369.44,471375.38
0.0,11901360005705.81,24944691983.14,92828.71,482707.7
0.0,41179722760214.1,69966628075.44,156701.99,827510.45
0.0,132129812249498.05,185181983775.89,283891.94,1504299.25
0.0,62534392001515.33,93829653030.92,186636.53,919113.24
0.0,7563584345119.31,17137790294.08,73322.17,379010.14
0.0,44646013338321.5,74501833989.83,172430.88,814183.81
0.0,40942335110231.58,67096827507.73,147608.15,757780.99
0.0,11193306190121.82,24771427099.13,95825.49,477609.01
0.0,14359036760081.51,30739669926.25,112399.98,589912.85
0.0,502282124896654.56,483885851402.8,366418.45,1915450.51
0.0,25765815343575.02,48350864062.38,136713.42,692557.82
0.0,49697280883686.95,73428216006.89,137111.28,711234.75
0.0,15313821229199.72,31084619703.16,101180.93,531707.13
0.0,24139256679906.5,45094648726.13,128913.72,625718.76
0.0,14048054756889.32,29133144806.63,97364.07,489358.41
0.0,19611518066071.55,35135463379.8,92326.63,498203.08
0.0,18121634529911.12,35331439909.26,106268.53,513890.39
0.0,75628577818086.31,107729548564.31,180812.57,1006797.29
0.0,149863466597030.1,186690293332.68,238574.23,1255631.62
0.0,46715080036431.34,76526188376.09,169655.35,786791.54
0.0,132369352720709.66,169924660538.72,226134.99,1187221.53
0.0,30662531908120.48,54758943999.12,136973.28,675376.6
0.0,11932712563432.77,25865893643.24,97670.97,467520.32
0.0,24718951652989.34,45066802475.47,124856.94,640087.8
0.0,13268340787370.88,27930664982.1,98820.76,500357.91
0.0,38030352573860.66,63349332692.55,153140.86,754082.93
0.0,119014467926186.38,154822472752.36,218135.03,1122579.92
0.0,35467822509598.3,60068574495.06,137423.13,685372.51
0.0,11855979441256.24,26180614648.33,100281.18,483842.89
0.0,23139953187631.83,43742545685.25,131056.06,638820.38
0.0,193500247065086.1,228297875885.06,260301.25,1393745.43
0.0,127133349586250.78,160676069163.58,215257.26,1064326.94
0.0,39213905930040.89,63951491504.88,137187.18,732008.9
0.0,55961297759647.14,84897198988.06,160418.87,823395.04
0.0,43899734105507.26,69715574225.84,151359.71,777244.89
0.0,39698793593503.89,65003325976.85,136803.02,693885.55
0.0,92194761647731.16,130314222548.71,217152.5,1111464.07
0.0,29312728872983.42,52103653095.29,132592.42,636610.33
0.0,16859733346707.29,31918414990.36,96266.13,491277.35
0.0,55302534347870.23,87733230140.14,181790.46,885325.55
0.0,55659872979152.72,89928146587.98,189910.7,931679.43
0.0,28352399385752.34,50628327811.2,134091.37,654703.81
0.0,99406669713074.42,145233456308.38,259674.35,1263820.72
0.0,16751302811792.58,36155745138.64,129361.77,654851.62
0.0,16473857378055.88,36134012575.75,133951.08,690744.85
0.0,40833869237645.04,70300954733.71,167930.12,843208.44
0.0,29419426929932.96,52381556145.74,133699.71,656144.21
0.0,194745255005178.72,245039036633.11,313826.72,1516893.86
0.0,14916059789191.04,29266983080.0,94763.03,497226.26
0.0,99718193114467.42,132057382733.97,187632.1,1065462.03
0.0,36172296684471.12,60544053367.17,141982.93,707925.08
0.0,532435300761493.5,556193654898.31,460807.65,2163371.55
0.0,85828373531475.39,117555054741.93,184742.55,955051.82
0.0,40558744979447.98,68070582429.0,162959.58,814041.51
0.0,50897529031721.8,79302539668.63,158934.68,824804.92
0.0,31047461185200.5,57608874391.51,162043.79,736252.81
0.0,11513211146095.9,23715038530.44,82216.59,410811.62
0.0,46813422527240.14,77312389166.41,168427.76,790336.3
0.0,12320861399449.31,27376911725.08,103170.09,498755.04
0.0,9841421227981.67,21460397197.24,82607.5,443801.08
0.0,20368860550261.12,39911027659.42,124346.12,570892.45
0.0,40953173199663.48,67657584565.93,155892.02,721846.28
0.0,106835888498713.27,139822758254.49,205430.76,1040776.83
0.0,14869155531341.02,29384967611.57,92167.2,473803.92
0.0,15241567219216.19,31628571041.24,109172.76,540292.83
0.0,10155670141152.65,21037814042.64,77275.0,378135.63
0.0,28129571955345.9,51959618090.32,146629.38,726096.23
0.0,18848518365893.12,38554133105.82,127186.0,602176.88
0.0,25602043450591.97,48355575788.29,139137.54,659642.64
0.0,25850790819126.66,46502981231.78,119420.06,602735.78
0.0,215271761648472.2,244961125539.99,267139.04,1420455.35
0.0,6215765700527.85,14361072211.22,65257.33,313323.57
0.0,37312602737055.69,63721601478.4,145117.89,714495.06
0.0,15228985432324.74,31354980304.08,103523.64,512651.68
0.0,76753425893994.22,113947762876.51,197547.76,992274.24
0.0,27898826593028.4,49415676202.62,127009.08,650970.1
0.0,41790392523900.26,69455911854.87,156624.16,762413.83
0.0,77935837376564.77,110776523771.24,179170.93,968802.14
0.0,31430634537876.22,54180929237.14,125433.38,601617.15
0.0,107473560412999.95,156195882867.13,251472.48,1231499.96
0.0,82795859895627.83,119515897240.35,219292.96,1100557.59
0.0,159141437555999.22,190258496022.02,226469.04,1195281.95
0.0,7481691646732.24,16468024537.71,66634.15,336625.15
0.0,17919373682216.4,33335892565.01,95053.71,466537.73
0.0,5357354172289.35,13610654378.49,67450.95,352653.74
0.0,9730054015731.36,22240023825.98,91272.0,435228.78
0.0,36241629029683.34,62280796610.88,147644.15,751583.14
0.0,35176781418622.56,60892070924.43,152674.42,756250.0
0.0,79890470105090.66,116026261030.67,206431.04,984849.93
0.0,126039076564375.73,163531843107.81,231835.36,1120795.21
0.0,25185711315943.26,47558146724.72,139559.57,681535.5
0.0,43905664892799.36,70958991851.0,151832.64,726995.17
0.0,14227475724076.82,30106648023.97,104959.69,519312.98
0.0,20668930306360.65,38938533231.15,108012.99,527689.71
0.0,69948337578548.98,104485028828.44,191968.17,920859.87
0.0,14376538252765.72,31628915190.99,116563.97,571113.67
0.0,61328525067949.06,92518096766.53,175898.82,868809.78
0.0,40780571591536.25,67814323081.59,157908.75,841162.72
0.0,48696733622275.87,78314691286.83,159559.6,759915.32
0.0,15031817760718.12,30667112076.55,102876.03,492224.9
0.0,68233866511953.34,102752590904.57,192600.74,920557.9
0.0,51550700796944.65,83036317607.14,177575.13,856402.18
0.0,24503048895112.5,45859132480.16,129814.35,608702.02
0.0,97006347035482.56,136496132978.32,227444.24,1071815.28
0.0,14090799851354.08,30208908760.09,112251.27,522052.86
0.0,380265298323154.9,378132590603.62,300831.71,1626508.55
0.0,12644117641358.94,27530919432.83,109092.75,538652.17
0.0,21151982051855.85,41387645956.28,124457.16,645841.9
0.0,36562022724552.85,60462910938.51,137628.88,731792.2
0.0,67777762359097.27,102479242461.23,196489.03,962712.46
0.0,8231534631060.06,18986483602.49,81706.98,422587.08
0.0,82981050694387.9,123206680909.48,224718.16,1049947.97
0.0,115431423561269.56,164222127612.18,259287.22,1260008.91
0.0,18477468730693.94,35597028509.81,110336.22,547048.72
0.0,29224983639779.9,52639884007.85,136398.94,707573.79
0.0,11102714282509.33,25677255717.19,103863.97,491042.99
0.0,225113571540364.7,262696869550.27,291160.91,1530089.88
0.0,48103703573256.65,75643083217.2,154964.63,793137.9
0.0,150023711434132.53,181482534341.35,226131.9,1168773.73
0.0,5747299837168.49,13551040080.38,63128.16,326429.51
0.0,68826809849268.93,102788430149.82,188006.87,889543.46
0.0,18020578564907.06,35052972257.72,102205.89,516674.06
0.0,159198260023985.72,201831311156.72,261703.27,1379868.98
0.0,136003754854469.45,177250221683.59,237333.01,1192841.53
0.0,87809403054925.27,121908379452.2,197939.65,1062365.75
0.0,95052201545131.12,136449430230.27,229384.01,1173882.79
0.0,27454408968804.12,50758874717.75,136043.65,629114.09
0.0,116241781551306.58,157201962607.24,231367.54,1232140.63
0.0,179009848498097.44,212424256553.38,254896.98,1359807.44
0.0,24433654959099.76,46020311994.26,127982.65,634847.62
0.0,105306387563085.52,147725902704.71,228702.24,1155148.66
0.0,41694378175533.46,67550635984.53,144338.84,717754.89
0.0,29767468870970.25,54655114068.34,154906.42,748518.71
0.0,5696493525695.18,14105583531.76,72271.41,369798.8
0.0,301414353978284.25,316258810907.0,279817.68,1521028.74
0.0,237825395876576.03,275252323662.6,293083.67,1630361.1
0.0,9919648496619.8,21685885782.33,82725.6,406144.14
0.0,54155972200150.19,82361238568.21,157126.76,817195.84
0.0,6059962498015.63,14606081708.93,67566.89,355944.25
0.0,146395970933897.78,186918634765.69,236411.22,1208062.62
0.0,24875785352282.38,46270794968.37,126496.66,597540.83
0.0,55973054699138.78,82585393218.8,147358.69,774959.91
0.0,25608723957454.26,46924785274.29,133788.71,631021.92
0.0,22942844246130.94,44659107981.96,138586.91,653723.84
0.0,228741435443142.2,265122143669.48,278211.78,1424385.76
0.0,90001801162761.45,127625063377.02,214155.11,1081041.25
0.0,24576982113835.04,48221081634.1,149950.54,710976.75
0.0,81516342499956.11,117811317815.63,201535.71,1083324.63
0.0,88445289394170.3,117068966006.24,170188.49,921700.1
0.0,80433051790844.39,113488686295.68,183636.7,939405.01
0.0,73145498745163.5,103736025970.11,175616.83,864830.83
0.0,40461237016082.15,66979293274.47,153252.75,823202.4
0.0,94502371741912.95,132357497232.53,214664.92,1062862.75
0.0,109765976008504.0,143845041477.34,205205.69,1054899.73
0.0,60304627787533.09,93204581124.84,188868.11,950243.11
0.0,90911466229559.94,122808036549.08,183261.53,971443.94
0.0,21843859338096.52,41252352715.92,127560.82,608317.86
0.0,73817529501437.69,105370737226.8,171926.92,889716.17
0.0,72137802779196.22,107229292638.8,202935.76,1039860.89
0.0,571736934496926.9,568630359170.37,448040.64,2267488.39
0.0,571736934496926.9,568630359170.37,448040.64,2267488.39
0.0,24358457521167.34,45594537745.18,126915.46,625921.37
0.0,4302694373737.78,11362565270.58,62441.49,302619.98
0.0,25599717572608.56,46900810849.87,131546.07,650621.98
0.0,21607223547248.88,41100978742.39,119619.87,602000.73
0.0,50617642766833.55,82977787875.12,182287.51,924642.41
0.0,16093184876008.97,32097698401.15,101408.78,499511.29
0.0,33004655628779.14,58210391213.26,140573.35,683096.22
0.0,14232544833343.42,29527500523.63,98764.38,493641.81
0.0,58190748955329.88,96943039515.35,201320.64,937347.43
0.0,184307538121946.97,213362377476.83,235973.98,1258403.77
0.0,787635371591985.0,735905457194.18,505002.4,2552921.23
0.0,189088341808240.6,228498184669.94,278443.18,1369832.14
0.0,51675852302954.39,80513900438.09,159518.66,815046.33
0.0,168741571697603.8,199106546028.18,221531.28,1176956.42
0.0,5188472599368.91,14272834712.1,89361.53,397605.5
0.0,33654885079264.0,56160585070.76,129031.61,663155.56
0.0,51426678269358.46,80943818367.25,160773.58,836190.48
0.0,18233565751376.8,34697174429.31,104223.66,540632.44
0.0,44185532881470.12,67110679824.46,132121.17,747087.74
0.0,99630611397713.4,132614734500.98,185779.71,1026463.71
0.0,214925672625363.8,260192060418.05,293030.37,1431195.96
0.0,182915101740482.7,219558939959.65,266318.37,1291277.03
0.0,62411693606127.7,94162020716.03,172038.57,948324.51
0.0,69396636451770.6,96078149856.76,154959.76,813042.03
0.0,283648768191881.6,322422948907.6,335541.72,1663726.63
0.0,42412844586074.19,69687392304.3,150836.91,721571.23
0.0,31187024529810.11,54723035118.4,133874.54,703969.04
0.0,33171827341325.87,58836835157.46,152804.75,722538.73
0.0,10008112868205.55,22528829852.58,86952.34,443098.91
0.0,14273636810125.44,28819534963.3,94149.08,492679.22
0.0,14014883728331.86,28768365545.04,98495.75,499667.49
0.0,30802838666747.52,55565391506.4,149732.11,714674.68
0.0,20843840434010.81,40344403931.27,118577.14,562121.67
0.0,146738294911387.47,179481377584.27,224554.1,1174701.27
0.0,29559025294242.88,53150043633.99,135456.98,693030.09
0.0,62764992777346.82,94759373387.26,179935.82,945848.23
0.0,26697345099115.49,47960530915.88,121369.6,602398.48
0.0,85498133004192.98,117330406106.66,175528.22,908390.99
0.0,29860284654561.1,51923577323.06,126408.57,604676.09
0.0,21066852474167.04,41732272777.66,132189.53,626903.8
0.0,37322838205996.76,66293763516.6,157976.75,745777.76
0.0,102723037489676.08,147062940740.85,248283.04,1209961.75
0.0,28361469668041.33,52847622104.02,146346.03,738210.19
0.0,16761042669133.75,33209397982.61,103577.83,502718.49
0.0,61013269112786.96,96944273044.05,207636.61,1032190.38
0.0,19423613781288.59,37693465389.49,119893.94,629391.68
0.0,58839544861765.09,92168681461.8,188521.04,911267.41
0.0,24139612899266.97,46248901231.18,141915.94,696687.87
0.0,24788731439206.74,44691014962.68,118426.65,593330.08
0.0,8614523071495.21,19789261812.27,81396.34,401842.13
0.0,217897663569378.84,245169067444.35,255191.92,1410613.48
0.0,9487164375141.15,22264291209.67,96188.55,480761.34
0.0,213505064943734.75,247649327244.11,285476.44,1384100.04
0.0,86169651553824.14,131918559474.06,242806.43,1206229.1
0.0,3108973719204.96,8186789900.5,49004.63,275217.46
0.0,123215657203768.23,160192523811.1,233744.84,1165578.78
0.0,22840890007362.96,43842177462.3,127688.87,579867.26
0.0,75009283061677.67,106416263058.92,172473.92,847919.8
0.0,117159999845351.45,150333584660.26,202730.26,1030329.42
0.0,13690217052079.06,29147485873.23,108828.79,573772.34
0.0,44655739016733.48,72865853476.64,156789.41,760188.92
0.0,44089401613347.71,68657679103.35,135645.94,689800.67
0.0,24191033036267.02,43305723541.65,115145.19,576784.63
0.0,25638403686298.57,47678905634.31,123703.34,616298.6
0.0,39990908239390.8,65303286565.2,138327.57,658915.79
0.0,65060521884399.09,98342696571.69,179784.42,920321.32
0.0,18224911074459.48,36105183404.31,109172.36,616035.91
0.0,143979821592759.06,184006878085.41,241974.87,1194026.39
0.0,33612282343442.36,59783200577.59,151143.78,693826.02
0.0,24226545275034.94,45133246660.16,125528.01,621296.05
0.0,15386825943786.84,31130907064.24,102039.3,495611.1
0.0,5140646552077.47,13122198752.48,69740.8,348675.25
0.0,78711985409364.89,109510295637.43,170421.06,885483.2
0.0,121054683722439.7,170014462430.1,266827.37,1331280.84
0.0,161268629909598.56,198766632397.45,253547.29,1308842.39
0.0,25950910400970.39,45493737284.73,111839.29,617665.24
0.0,46111065134315.84,75432265340.35,164769.17,835462.25
0.0,26285332397191.88,47938925489.42,131001.2,657234.03
0.0,142820663278029.12,180750124698.29,231624.26,1251628.65
0.0,95937063503223.1,133883128459.3,204180.54,1085833.58
0.0,400746016129677.25,408031197212.79,344056.51,1882391.19
0.0,65089838848391.02,101098141787.34,191310.84,1046379.99
0.0,29809691213414.28,53953999909.34,141171.33,638515.54
0.0,10463339762360.36,23135512848.85,90877.11,460040.66
0.0,45587029508482.35,75424766382.28,165639.03,776123.97
0.0,9718006493497.86,21704248708.0,87730.5,400750.8
0.0,4880376181144.85,12933028307.19,73043.76,327101.72
0.0,48401306832054.64,81875563951.83,191236.56,897518.51
0.0,47463024191082.02,78422337327.57,169923.63,782832.55
0.0,25759324266645.66,47380197486.99,127664.46,617086.86
0.0,13117918757724.04,27225763897.8,96130.17,451699.94
0.0,29406166185602.9,53093545558.85,151808.04,697167.98
0.0,24640559487683.87,48106567928.95,138557.63,643844.73
0.0,10860324832127.4,23795699225.59,90534.04,473371.03
0.0,7080215133285.78,18005861016.57,86758.66,401060.05
0.0,6844856318715.52,17410206197.99,87806.46,384786.34
0.0,10159317165922.29,24150900107.33,107194.3,469554.97
0.0,16311879970268.4,34122157987.27,127197.65,595496.97
0.0,12257102550324.38,29161387805.12,128287.65,562162.32
0.0,648796599442636.5,622923792467.11,458897.79,2258225.68
0.0,18951220949355.23,34925915207.18,99134.17,488853.31
0.0,135630301205950.02,167557974281.77,211213.32,1102329.33
0.0,41940074168571.02,67490135650.31,145388.33,722808.66
0.0,114695991210662.78,158424729673.5,232937.08,1142508.55
0.0,366460293694114.3,373405671480.67,314406.42,1635144.08
0.0,34350328614617.38,62215017001.94,163594.33,751232.52
0.0,84591784219292.0,129846009863.76,247576.1,1112418.19
0.0,18796903364468.83,37171728788.79,113466.84,576614.89
0.0,61154461646735.44,89683892688.46,158671.64,833100.15
0.0,13590732790178.6,28698124513.61,102966.25,499664.8
0.0,43001321337968.52,70201487551.0,161469.71,816243.01
0.0,36922675191147.92,59058142603.92,134727.54,687303.04
0.0,43199517571539.64,70731574951.48,154253.93,746783.61
0.0,30887808275661.66,55880392330.96,141764.47,678252.41
0.0,43274791203907.12,68639244159.28,137555.81,651793.51
0.0,105243733552247.95,143908626054.83,220832.62,1164000.01
0.0,9746249088254.57,22038439592.66,88697.44,441351.69
0.0,32758542071760.52,59352978739.83,154917.31,749171.16
0.0,36831068009327.4,63905286847.53,153264.16,788763.32
0.0,43946486522751.7,72243384209.25,160867.55,825053.83
0.0,56347473533152.07,90720221367.69,188685.51,874852.77
0.0,14661555236170.06,31128998043.8,112602.36,520084.0
0.0,53327176556093.88,83868723741.1,168738.89,826703.71
0.0,186180561988822.47,223655144820.41,246967.07,1234595.09
0.0,116347684362587.73,151496673948.72,219205.85,1061956.98
0.0,35370861637909.99,60586815332.47,148609.41,759634.94
0.0,37182537285186.82,61856126594.92,136874.75,732841.01
0.0,72215117349617.11,106484844968.91,197047.06,976173.57
0.0,58433609094971.83,91004587211.87,181619.53,882655.28
0.0,7408109506966.88,17631251839.83,77199.4,394441.03
0.0,55219276081030.16,86866610461.57,173530.62,858452.51
0.0,11277733991686.28,25111433313.67,97583.3,471178.07
0.0,75113588792682.94,108677586922.76,186541.32,944415.34
0.0,507266907140147.75,536467565044.31,466226.39,2237747.21
0.0,8024412707539.46,17805000704.35,70639.53,371675.99
0.0,18967857634251.84,38644544267.43,126241.72,608723.68
0.0,153975269181354.38,205661697882.27,302042.03,1467976.52
0.0,17745887663174.6,35056510969.22,120591.68,607300.34
0.0,21593783415406.48,39683209316.65,115104.91,584701.06
0.0,20997698708321.93,40995558222.07,128339.75,619319.09
0.0,73836374268818.06,104886078262.16,176151.62,918464.65
0.0,129465397858178.55,180937255907.58,276165.93,1284166.75
0.0,58268695825697.83,88564743440.76,178715.52,855709.76
0.0,29043506950657.74,53320961089.09,144347.09,673170.74
0.0,11400271595657.05,25410407685.93,97955.27,474325.94
0.0,124472707376960.31,161145393228.24,226012.66,1205217.36
0.0,21153169058612.4,42031694082.57,137843.86,628594.08
0.0,179625210117603.9,215380692164.91,256894.59,1394050.61
0.0,35547975666103.52,60580141699.38,146468.53,716033.74
0.0,58638451666838.06,87988752304.62,162148.54,866367.78
0.0,51576895904306.74,78440320709.66,149041.9,779033.89
0.0,198396373655947.53,238425943211.83,271748.69,1374808.75
0.0,41064800225005.28,69516281999.61,162158.4,753758.9
0.0,14086084283331.42,30356062942.29,111153.18,531391.83
0.0,34653303181591.51,61831246308.31,159292.61,758848.78
0.0,25503638988135.5,44626864987.46,118187.9,601900.34
0.0,51885075558888.46,84217404770.1,183963.27,889612.89
0.0,27907348622859.48,48215856355.72,117175.7,585130.21
0.0,16763570732238.14,33960796732.75,106682.56,547410.35
0.0,18612189406416.92,37049750889.99,112233.63,571058.76
0.0,25047966783551.94,44542443384.2,118517.84,646598.94
0.0,54422825718576.52,86610249010.76,182031.61,905267.56
0.0,33838395186623.96,57356192594.75,130473.69,648298.37
0.0,30593539146496.14,54277185190.96,137832.39,663125.37
0.0,30434186506029.36,51733849453.04,117925.42,619727.23
0.0,63850020168434.12,100393742739.17,195945.32,984388.61
0.0,63512545124348.33,95556501790.97,177472.42,932939.18
0.0,34798755180693.14,60006611896.24,143748.8,704691.51
0.0,72274837635004.33,104989159204.66,182257.21,914833.78
0.0,287794627496247.25,337491184091.4,358533.82,1724505.28
0.0,14955350164719.96,32486565078.73,115376.19,589715.04
0.0,11172591368945.55,23465289698.77,82624.35,397195.94
0.0,29246654091905.24,53627715418.17,142379.95,696497.26
0.0,11501050214471.36,25483388743.32,100938.99,477781.53
0.0,24922128070473.8,46594630316.64,128441.87,620052.82
0.0,30325164079186.72,54307566178.1,135841.92,669076.27
0.0,4294530996476.9,10864971273.31,58574.17,293447.34
0.0,10380587617876.19,23075941943.96,88743.84,437859.42
0.0,34758534714856.72,60640177659.01,150342.06,723414.19
0.0,182254258521191.2,221209644717.3,272209.77,1383552.99
0.0,21832133470067.8,43026347973.62,141349.95,700880.97
0.0,47811764751973.17,74537575692.08,152480.01,767659.32
0.0,16115001697107.66,33083492657.85,109125.23,527360.5
0.0,12325833383330.54,26052970745.17,90395.06,450799.99
0.0,58305680014712.81,87534470106.67,160786.97,813035.69
0.0,146476479328784.3,179688141157.68,233426.15,1192125.9
0.0,8100488019428.87,18545483152.93,78628.11,369289.58
0.0,63518662991154.15,97930659217.13,186983.08,960258.53
0.0,14850624157986.16,31151309716.69,110175.89,511910.51
0.0,328300400432572.1,352013109490.15,323999.11,1662061.11
0.0,72065323749362.72,106776839491.84,193447.46,967523.47
0.0,177389306431483.34,210846867364.28,246970.74,1280543.84
0.0,6389615152568.03,15500344886.82,78017.79,388125.7
0.0,43527849306526.86,73252170321.5,172903.48,854134.38
0.0,14445396685857.42,29390105050.0,96485.56,484811.42
0.0,104238448838834.5,136773838997.81,193924.59,989734.32
0.0,52617207021640.74,85588191416.13,183841.69,873294.84
0.0,14465383353313.16,29262801789.8,96372.35,496678.91
0.0,436259881035150.8,447804580287.77,386111.38,1981004.04
0.0,29595913456764.65,54166836265.36,142995.54,671763.79
0.0,21263134250136.85,41706462986.72,127520.83,580430.81
0.0,438867830982743.8,475266216134.26,447300.12,2081136.84
0.0,27975501080013.93,52252259249.95,143806.6,691699.5
0.0,92047624561715.55,128963582947.32,202346.25,976687.32
0.0,80372731190297.58,112432809751.99,182845.35,950100.22
0.0,13746255294274.43,29657706988.73,105453.26,507994.86
0.0,183166315564377.12,216197418781.59,248109.43,1293116.83
0.0,21361607260334.18,42180430665.58,132565.74,680159.0
0.0,156487658248249.0,206905043683.46,299469.29,1487002.89
0.0,11752653207016.84,24801402217.45,87393.21,420992.86
0.0,24349101202353.93,45747829233.55,126840.18,615381.31
0.0,16619454725675.46,33482984061.29,108415.78,542869.51
0.0,13851666951536.6,27922076866.58,92357.74,459487.27
0.0,24225030527458.03,46228222498.76,135022.93,616290.18
0.0,34651484410132.76,58161104875.95,135059.76,686293.59
0.0,143787179342705.53,183615683919.25,241718.33,1282219.81
0.0,17696448781206.8,35892410173.79,113964.0,547007.6
0.0,80755603669745.73,117965775010.63,198774.83,1006169.33
0.0,32801344906440.2,58333030044.35,144184.9,725999.99
0.0,125277483079681.44,159062091488.91,204334.27,1125679.07
0.0,22219348340388.32,42881745831.21,129667.07,619579.86
0.0,370828976103049.5,398020550165.87,358428.42,1890955.52
0.0,83237199700887.19,121046787156.84,201167.73,1045500.47
0.0,27325867550678.94,49743804117.75,130090.81,634517.63
0.0,100857734821104.62,133490050105.8,190734.08,998128.38
0.0,16241263492188.82,32973166583.42,109361.23,541563.24
0.0,20218425905234.12,38692877313.04,110751.72,526979.79
0.0,32159973523128.01,55851109023.54,136641.92,694278.77
0.0,33555183261689.18,58021968718.81,144733.71,707306.44
0.0,50355390087866.02,74209335783.65,137148.49,716006.91
0.0,59826937072263.15,90324806027.15,170746.9,835596.65
0.0,456670730469621.25,442482949723.87,329231.68,1826680.22
0.0,59872526846301.91,95544220827.32,199601.82,968878.67
0.0,132313357223699.5,164357384820.8,209454.11,1128557.43
0.0,420134547966404.0,419743261769.18,367481.91,2045846.08
0.0,7274661643687.32,17309276733.99,77875.04,407059.72
0.0,33829208493441.64,60092898731.93,157878.85,718510.22
0.0,28033577244142.67,52856867830.9,150476.02,714466.65
0.0,140834493896811.9,175007546703.54,222738.12,1199451.57
0.0,52846525270237.41,81180721953.22,156466.8,834107.49
0.0,43534132953440.2,69381010628.54,146413.67,775584.89
0.0,30521698005705.58,54787595716.99,138684.21,679847.06
0.0,26360313583102.02,47794529557.26,125488.01,612645.74
0.0,69867996399964.59,98032692601.26,159144.53,806923.93
0.0,37044671987360.6,63335107077.8,150106.38,738942.37
0.0,20371824476825.5,39045683206.26,116694.92,555589.06
0.0,793725485936345.9,738230914595.78,505511.78,2496037.91
0.0,8349569190443.47,18489936157.69,72905.3,373725.02
0.0,60959851720951.8,94126320999.76,183000.93,892699.82
0.0,92748860440736.95,126742396980.85,193787.88,1054047.36
0.0,17074939878216.94,33728288119.48,114975.93,571779.9
0.0,20886429387994.3,41186009442.52,129938.0,634362.04
0.0,13833773704036.96,29238539273.78,103876.75,511603.64
0.0,32780797239052.46,58237370069.81,155950.98,755704.07
0.0,73192800688338.4,103536146635.5,175069.11,914068.84
0.0,29525217243206.36,52471336061.19,133483.64,680376.84
0.0,82254496001501.47,116757234901.42,196136.84,1063300.51
0.0,34757800477030.17,60365667180.27,148580.77,710664.14
0.0,61718779784805.27,90100840938.27,155552.43,791385.98
0.0,48763539406990.05,76346284673.69,153159.47,760927.09
0.0,31080609395253.58,53261421092.41,130467.45,642386.62
0.0,16572345780395.36,32147274675.72,102147.76,516934.94
0.0,21292923899613.12,41134255018.76,127461.37,611609.46
0.0,12149528586489.77,25754527870.35,91067.26,460704.61
0.0,10527516408659.31,21722988915.67,76976.77,401513.19
0.0,17599708384777.93,33502642805.55,99647.15,504166.93
0.0,137589764891312.3,173940324277.77,224695.79,1112491.79
0.0,16093176616423.96,34945207100.19,126583.38,583295.84
0.0,85135549941321.34,123975474070.64,217108.62,1055524.91
0.0,50928449403941.29,84093215552.63,181075.18,846780.05
0.0,44905620896917.72,69486231171.22,147395.14,731410.81
0.0,168787428771462.9,194678423546.62,211945.91,1191442.21
0.0,20759320783633.72,39226526779.86,107420.34,547280.05
0.0,16056178679773.31,32436704587.29,104220.58,514786.81
0.0,71744275882996.28,103605086660.77,175336.59,900570.06
0.0,755116499006892.4,711672669189.05,497750.74,2399499.89
0.0,10222327748970.21,21521707412.66,77268.41,390027.21
0.0,143016323975732.6,177554499460.71,208914.71,1120803.06
0.0,33131644018268.12,57729468275.58,149387.11,773873.34
0.0,16207426762907.83,32105145161.6,101624.46,486065.07
0.0,7896895145165.02,18810187403.14,86497.56,445043.1
0.0,175439076984249.78,206308399239.17,222685.19,1267209.8
0.0,105853025370646.55,143237291878.95,218177.95,1085862.02
0.0,16308847585302.55,32144774043.49,102285.97,491032.92
0.0,18342608103411.7,36427057964.52,110789.85,538352.41
0.0,61816880395896.72,94795260182.47,172195.97,930656.84
0.0,39294837758230.78,69266733052.32,178273.58,847053.19
0.0,35862509013782.98,62112472186.52,154720.23,709247.26
0.0,49197650275052.61,79870528237.41,176992.75,822680.21
0.0,50556799996030.12,79626288328.5,163349.67,828350.88
0.0,69444181028451.95,102988896713.64,192591.1,942920.87
0.0,16877111500823.29,32766877549.02,99132.23,501543.4
0.0,23446060626868.65,44603759350.12,122003.58,618354.03
0.0,12720892575831.72,27241225553.56,103789.01,506321.75
0.0,922215444628151.6,861488053933.03,577091.34,2748481.52
0.0,11052231082106.51,25072114494.47,101067.08,476731.05
0.0,50042012203382.57,82000650014.17,175143.64,807565.98
0.0,100956623145849.81,139000750513.29,215761.76,1098578.62
0.0,46808763877977.77,76076636607.44,159387.14,803358.79
0.0,29686593292213.4,52186562553.0,133574.43,761835.54
0.0,96207079067059.31,135352041104.2,220581.26,1108311.57
0.0,258985688987517.38,277602087439.49,259195.53,1412009.58
0.0,35244087452064.16,61713489375.46,152641.74,715067.16
0.0,86465838192429.27,125192461276.86,215213.48,1029885.17
0.0,15030665667276.34,30185459510.6,95810.49,476037.9
0.0,101846174141036.1,134367862462.63,188270.02,1049596.69
0.0,43187377313162.12,70464236692.58,157237.26,786678.25
0.0,30421932427707.86,52135659563.5,127028.79,628810.54
0.0,62404454812315.48,94369092862.35,177630.7,873111.5
0.0,171580546405790.62,204783793421.81,245289.48,1203863.27
0.0,742211586033850.2,696504016281.63,468157.48,2237934.22
0.0,17672111810611.38,34201130076.88,102178.29,495804.85
0.0,7648933031018.75,17551988791.34,79156.87,401182.33
0.0,69915796168471.73,100768393286.58,171811.87,832573.74
0.0,72288174980260.3,106198644724.81,191571.9,981409.85
0.0,19929154377880.77,38059973190.28,114251.18,595089.9
0.0,14698520890627.49,31413949784.23,113510.46,524125.19
0.0,39640298427186.42,62941702486.03,134756.15,699621.23
0.0,22290629018522.18,42634050919.67,129250.39,655513.4
0.0,11335499455340.32,25070387779.03,97461.04,484638.96
0.0,67228407277587.44,99658071543.81,175604.14,958839.91
0.0,674788732658352.1,628402898430.88,452921.94,2337552.95
0.0,15970352290977.16,32227480856.53,104093.92,542154.32
0.0,544358318624664.94,534772687919.88,421523.59,2070442.13
0.0,50244283013779.8,74584737183.91,136771.51,722492.66
0.0,20518738336086.43,40467177063.62,122164.63,580686.62
0.0,52441175902767.45,83143329963.83,172524.77,908354.6
0.0,15772346026168.16,31857199623.66,102477.49,498074.38
0.0,49097687660184.23,79411638661.41,160129.91,816264.09
0.0,32100425261481.57,56649150634.18,134723.97,720201.45
0.0,31561117217931.35,56020949900.68,139277.35,687573.37
0.0,45596336116826.05,79261295002.31,186924.71,918508.75
0.0,66539986163769.12,100751739994.84,186712.88,910729.56
0.0,9194260496161.96,22207386298.6,101759.25,468983.05
0.0,17212897487561.22,37699233781.78,148179.92,634117.51
0.0,55849634043909.79,87110006887.14,176003.67,848037.02
0.0,18938026959012.88,36514315350.38,108246.94,508668.32
0.0,8853653044993.02,21715361287.93,99190.45,437450.3
0.0,22393582984355.34,42481398738.47,121097.02,564168.42
0.0,18826504358588.26,37361370929.39,116949.96,536606.63
0.0,64704445015507.3,100334921141.11,194170.54,941910.39
0.0,20678448274854.55,39451536815.02,115894.61,553845.41
0.0,21700957171080.51,41109416704.1,116329.26,594702.7
0.0,58686962831886.72,90888069685.85,169508.49,901070.68
0.0,41501097973551.92,67305514317.64,149896.41,726248.47
0.0,29994025211744.86,53363094960.51,144128.0,693064.89
0.0,34176918082562.84,60175956956.69,152484.88,723195.77
0.0,52190375592742.16,84614960886.86,191836.87,914192.42
0.0,34087662858405.28,59635458034.93,151036.39,708148.21
0.0,34462200973445.97,59930983962.74,148077.56,752208.77
0.0,98400445309915.5,135131196943.49,207101.71,1156684.62
0.0,161242905270126.28,199584295914.38,253867.69,1299498.62
0.0,16937877483942.96,32344091852.46,94525.08,490141.97
0.0,64991002900122.66,98137862425.03,179427.83,875487.17
0.0,43985092922210.66,69543930320.6,140124.65,690649.14
0.0,186047920054512.44,228197282251.88,276089.19,1480407.27
0.0,8103447173742.53,18594881654.51,78028.68,404819.12
0.0,76295383581172.08,111765289485.55,200572.73,971575.33
0.0,36975153408074.54,63089399942.92,148694.18,734144.1
0.0,28593246252774.01,52054647431.62,135865.93,651204.87
0.0,63669706877259.54,94472134935.76,172296.67,876383.7
0.0,20405951545025.46,41260938181.15,130527.9,627470.33
0.0,145977381541641.75,186548760521.84,246423.89,1233087.69
0.0,103596779588071.6,146582816758.71,241678.53,1165939.72
0.0,32899988947300.88,56945719767.07,139388.89,682317.56
0.0,252484139350072.62,284469683952.0,284499.24,1546980.78
0.0,113064448151298.19,147348088204.3,207106.24,1149554.61
0.0,114246973683869.34,149496497404.68,213654.96,1071664.76
0.0,29677446495725.44,54809201702.82,147245.89,706152.43
0.0,10374406666950.1,23059498756.39,91904.2,453744.64
0.0,18031317360448.35,35884874516.95,118057.74,568068.09
0.0,38200118779308.98,63410915255.52,149322.22,757054.63
0.0,8796283254509.34,20645055604.68,89368.4,451256.17
0.0,81692782911724.28,119444468966.3,201933.0,1013529.31
0.0,134146554879614.22,168024875706.89,226987.34,1122038.41
0.0,52456888094356.87,82820147199.51,170021.6,819117.5
0.0,28811862890949.94,52679981564.27,135844.97,685141.58
0.0,79962092598676.0,116488885149.84,203804.32,1035716.0
0.0,20667048537318.79,40725591398.32,122061.79,572731.91
0.0,32769093351658.92,59012531372.69,150140.71,700276.8
0.0,111998931227205.1,153889196866.21,229825.24,1215064.68
0.0,40571731973591.53,67840589530.71,157173.2,774366.77
0.0,18780950006099.64,37599476523.29,117953.39,583203.62
0.0,36088401384204.92,63553257955.08,156116.49,808986.56
0.0,21391139362093.06,41754734710.71,132750.27,646526.17
0.0,59081479645908.95,94290338035.52,198044.58,919847.78
0.0,42384159257829.8,72205630602.4,166965.03,766768.04
0.0,18831154911599.64,37769208494.32,123190.26,618874.5
0.0,52557148386072.39,81149493240.37,164375.18,802190.46
0.0,27160616188357.38,49137685838.81,126380.55,649834.84
0.0,50595108562414.72,78979119994.99,160809.61,796974.9
0.0,31881148587989.28,58123650763.96,156427.21,730883.71
0.0,9022996517991.29,21076481807.53,90877.44,443523.0
0.0,96152633517729.1,131350979510.34,200903.49,1076145.3
0.0,58534514367553.62,92652974282.74,193747.74,909444.66
0.0,8567966807569.11,18629146598.08,70944.06,367648.12
0.0,39162843402706.89,64812941338.61,153080.64,771618.82
0.0,59171391795466.16,85346193384.2,144168.99,768719.07
0.0,53919039364864.42,85480481249.0,172083.59,836594.83
0.0,22250948672990.43,42138261691.17,117722.9,566652.7
0.0,19796898015851.3,39061369186.38,120786.49,593186.41
0.0,22051353411258.74,43232789585.24,127040.59,690337.6
0.0,68610090776642.23,101624940415.24,189572.18,926299.27
0.0,59102468319921.7,88671633705.35,163587.73,847151.45
0.0,48217045117249.79,77297841745.19,166663.96,857740.98
0.0,16084103002092.12,32438814794.56,103378.42,525942.92
0.0,18235543994657.06,37444195998.3,121332.13,581427.89
0.0,11193393714578.63,23921452866.64,88794.8,442012.92
0.0,64084840952919.12,96481602908.63,182647.47,871838.16
0.0,391407359892953.4,414117852044.95,362041.53,1792899.34
0.0,36845755138837.44,64152218081.84,152647.65,752603.65
0.0,36540186482303.2,62453086528.78,152978.02,780101.09
0.0,22948979573025.32,44246714147.37,127232.16,670845.1
0.0,23104840545734.35,44274170721.0,125873.8,601008.24
0.0,103775267942684.77,141228563364.95,217912.01,1101436.26
0.0,86175184663230.42,121592395645.18,205368.12,1012799.55
0.0,56838866640978.49,91008030856.49,189348.75,892526.96
0.0,44347287644155.9,71306248002.07,155019.69,797318.4
0.0,63605122230037.79,92576186313.81,161702.21,927388.04
0.0,27463981558087.22,48640168326.89,121386.85,626255.14
0.0,62340425430292.41,92517827365.04,168192.39,888744.65
0.0,35269944402330.75,59475798495.82,133365.47,645859.28
0.0,333960977386476.8,342680396732.52,301298.78,1697339.4
0.0,38005159050097.92,62895060693.74,139021.66,668895.63
0.0,56721341912921.32,86905721556.99,164382.04,782776.3
0.0,47394068986887.22,74458806427.4,153806.32,817800.88
0.0,28637241055542.24,52489059321.09,148288.85,746638.73
0.0,47490693893653.89,74467406394.17,159476.0,855031.85
0.0,31372150608925.09,56662720933.87,148440.82,687512.83
0.0,75549765902979.66,112072119936.44,198841.8,993323.88
0.0,24828606957940.6,45495602979.67,120985.2,587186.44
0.0,59948290974825.47,91077629363.56,179563.12,842707.54
0.0,41472481076470.08,68845046825.33,155770.15,745748.28
0.0,255787449721141.8,283602560198.79,281575.07,1464293.95
0.0,12791391183790.67,26609364660.38,95064.62,465072.37
0.0,70148297270142.6,106239415842.39,189447.23,967825.19
0.0,28842849460248.49,51106962113.45,128427.22,633540.06
0.0,47119768988367.61,77200381979.6,165568.23,823662.51
0.0,15301787314728.7,31397271735.17,102162.57,514562.53
0.0,143633621713543.72,168770038132.45,204670.39,1109694.24
0.0,41243888884767.99,67651840585.53,150381.94,752858.61
0.0,211263983423110.38,246076685173.17,271055.35,1426082.01
0.0,114383737543486.58,152045817585.04,217379.42,1141611.59
0.0,30174713690395.98,54510164586.94,142952.69,654061.67
0.0,102254643533597.69,135131401082.09,194521.93,1025738.32
0.0,15467100044750.39,31675176214.33,105240.14,501502.14
0.0,39039219084643.02,64076812540.77,143715.96,688848.38
0.0,24791570205492.5,45748296279.03,121872.1,618095.57
0.0,29531766640825.06,53453176685.03,144592.09,685369.58
0.0,8983297454294.99,20976306990.26,94242.61,457299.59
0.0,27936314071637.65,52233565265.54,138189.56,609237.97
0.0,117132823138285.1,149857119487.13,203202.67,1126643.56
0.0,202956148346987.97,246708740990.42,317077.85,1602175.05
0.0,52433935552046.77,81077615146.48,154447.8,805696.92
0.0,25707612350576.22,44832398444.49,118112.28,608634.04
0.0,17177541194436.84,34756830451.72,110047.66,531429.6
0.0,67947230699586.09,100786996323.64,180020.97,904770.23
0.0,45002801617769.06,73400869856.29,159509.15,786656.17
0.0,19999688227550.62,39972572930.52,129613.26,624821.9
0.0,86587828617172.08,122392398582.41,197153.96,1007416.24
0.0,10046016528808.87,20773955023.85,74021.05,370848.13
0.0,10811031339520.04,22551884563.9,80708.43,405344.41
0.0,21654814756501.4,39136606870.13,104784.98,561630.5
0.0,9135958020351.68,19484021224.24,74439.52,396107.11
0.0,118657155244118.77,155123398970.9,217161.14,1086472.89
0.0,50098267970066.34,77829111304.77,158875.43,865983.69
0.0,41054054079226.39,69702561849.3,161970.22,782471.51
0.0,40782042660524.08,68005439431.83,148414.52,760802.28
0.0,3438461761486.37,9600962137.44,57924.08,271975.06
0.0,14533973038644.11,30076530125.05,101784.15,503069.89
0.0,257374118225312.84,274353823446.75,261368.93,1356993.5
0.0,19490728502773.2,36339083575.95,105094.66,528248.47
0.0,33743966862566.64,57855396200.2,131442.55,662368.02
0.0,15612678847462.13,31822984919.53,112202.54,532858.07
0.0,10591886335589.75,24025046504.42,94591.17,438415.44
0.0,130072047858861.45,169805733678.77,245111.65,1256732.63
0.0,13700868336066.38,28932728528.99,100996.58,504405.04
0.0,70768794631529.62,104945848879.58,186399.88,969917.26
0.0,53180527204205.01,86420801390.16,184466.39,904287.83
0.0,927049741398191.6,860996911391.07,599538.97,2912331.03
0.0,168780392263653.38,207039358045.5,258048.0,1312295.72
0.0,61064255211314.77,91662287519.03,167103.81,837578.44
0.0,809938901217864.4,745836995469.64,494321.22,2396533.55
0.0,51618750344843.66,83634765272.5,178206.52,895223.38
0.0,43796066541630.26,73639257059.97,171164.08,817519.84
0.0,18473354608932.58,36236715145.87,107179.02,519127.55
0.0,8035995128213.65,18260270716.83,77526.56,403156.61
0.0,23952409290971.92,46704572335.62,147875.42,681200.81
0.0,21579701993341.31,42094959046.41,126735.23,586840.67
0.0,45118160457882.89,73059899061.02,160821.83,792679.65
0.0,110322678868464.22,143943048115.71,199300.46,1110405.54
0.0,82114327288557.86,115570379477.86,190110.82,972896.46
0.0,12361814638555.48,25609977631.1,84671.39,412414.91
0.0,25650349976033.52,46758701360.45,130496.27,634006.08
0.0,5903322707043.96,14679992119.85,69625.03,354399.12
0.0,150338377305409.38,195217060880.26,269595.92,1361083.62
0.0,33155159525003.01,59140579986.07,155511.75,729831.44
0.0,11640573589748.94,25800900172.42,102305.39,484293.28
0.0,18361167958137.15,35865815085.7,108201.99,538812.26
0.0,104015778864573.45,144960337856.69,220166.65,1101232.01
0.0,131886532292542.77,167023196058.46,229543.15,1186915.48
0.0,19601845965963.13,36039974484.22,105503.94,551750.88
0.0,47796794573536.77,78359095468.37,178755.21,866074.27
0.0,33758031986314.91,60926831147.13,158041.76,736093.04
0.0,24556737328292.74,46954978111.95,141852.18,701025.42
0.0,66014393580255.95,99958935041.91,190485.74,907830.77
0.0,46057641188310.27,76767794964.59,174953.6,876258.56
0.0,62614119623777.88,93586535766.64,170672.78,866752.04
0.0,29031714292080.76,52370803892.37,132802.32,649394.03
0.0,275282152046412.25,297225928311.45,277636.51,1477114.26
0.0,36575344756113.12,62167604945.29,142505.75,684310.51
0.0,469986709008602.6,438806548890.89,313598.45,1797376.6
0.0,73602247531411.84,107469758874.08,197131.88,979385.74
0.0,58961807411048.89,96418869299.72,209827.38,1025246.71
0.0,16932231011805.79,34616766751.12,106923.49,551019.13
0.0,127991851781741.27,165096384801.87,231987.94,1159367.6
0.0,31343298827031.52,57550976030.53,149564.61,712975.58
0.0,9948697184407.02,23748469185.69,97658.27,532462.75
0.0,50696352131511.61,76863181757.63,142662.48,719597.36
0.0,23900627528410.2,44679814032.47,125138.85,612326.05
0.0,48406110073330.5,76715264908.3,158515.85,758381.61
0.0,42501259305098.5,72907627812.44,167130.58,786763.36
0.0,22432137702111.22,41870089870.82,117168.2,556764.09
0.0,64034784724861.66,92669300493.64,158901.6,800270.93
0.0,49958388877992.05,76240384552.73,152595.21,779753.26
0.0,532261915161411.06,574043369932.01,503318.13,2455983.48
0.0,16460587997428.28,34002968222.1,117023.71,538138.28
0.0,112960634740515.2,154640374465.72,236611.53,1173445.21
0.0,4812534479343.85,12044712750.86,63219.1,332319.15
0.0,83144075165282.2,119107474828.26,197783.84,1052465.35
0.0,22499817792228.7,43104062541.92,122452.78,560632.43
0.0,104247061605265.48,137292907193.77,193269.13,1011722.12
0.0,56055901429726.11,85546614545.76,168209.99,824972.1
0.0,23865521632093.35,42774239104.38,110464.38,554412.08
0.0,92318527538160.48,129549153754.39,209077.82,1056721.91
0.0,30432154440061.28,57275807681.79,169722.34,803975.98
0.0,153656804242560.22,191510787127.23,241550.3,1202996.9
0.0,14977066688674.35,29443193164.77,91250.24,461508.36
0.0,171653405830504.6,207442849681.7,239989.39,1373436.62
0.0,57598771292152.24,88655370417.36,169605.04,816302.36
0.0,27823267980153.67,47497524428.11,117483.16,556806.46
0.0,33484309366970.54,57483816756.45,137010.59,692221.69
0.0,24848275318332.91,48989144695.17,149755.84,703416.82
0.0,27937382040554.95,51051622280.66,139852.13,672308.7
0.0,6436104504240.27,14796559424.01,67471.32,340613.5
0.0,28684488921543.06,50264302310.7,130138.06,633076.96
0.0,125331104500153.1,167813255400.84,252005.59,1244316.26
0.0,19125966325999.46,37383286993.22,116825.95,603776.97
0.0,24336925072875.3,44866017136.12,117029.1,585907.2
0.0,60009623593210.91,93035385665.95,176318.94,867109.72
0.0,36476372975634.22,60013144236.47,141577.48,703820.34
0.0,157971875449371.62,197090526638.15,245356.62,1287892.08
0.0,14613799899779.42,30218990466.1,100708.48,508381.17
0.0,18078885832917.07,36228963572.79,116557.55,551830.39
0.0,13202366729431.22,28268931822.32,107568.81,515700.14
0.0,204625806052617.03,239008956670.78,262994.5,1412825.9
0.0,378084845718670.06,389170964438.5,315130.05,1681000.59
0.0,11927477278799.28,26107304821.38,96457.83,476828.41
0.0,103047312675602.81,138848817275.75,201858.3,1039008.27
0.0,48031104936724.16,79056020663.47,175222.16,839035.89
0.0,14442538508413.92,28949448709.41,93974.12,469648.9
0.0,7803861289404.62,19005648002.17,84681.86,407557.08
0.0,22995279688390.86,43522783077.52,123329.2,592512.69
0.0,38611576869620.48,65932373641.9,160395.43,803974.69
0.0,115685511655505.8,156734539913.95,244032.66,1190687.27
0.0,49528540392926.34,80175001417.59,176689.33,856821.77
0.0,24791061977486.5,46690220551.9,134311.79,650322.59
0.0,30450766779000.04,53824141121.3,138554.25,694857.88
0.0,158594880926749.8,190369776417.04,230054.36,1176687.98
0.0,1669379402172.11,5400334256.34,43964.68,200399.99
0.0,39115101580314.07,69750708902.53,179119.36,789728.73
0.0,7193314056191.98,17868085276.47,85128.18,406399.78
0.0,3256362963221.21,9446000763.73,63202.87,293864.98
0.0,7297091727499.81,19413421395.15,106273.66,514463.85
0.0,28898645824168.38,52018263327.12,134240.25,631688.2
0.0,18060558415960.8,36862347627.8,117372.31,549569.11
0.0,38790772187047.54,65504757707.24,156055.13,705500.73
0.0,13856246154371.52,31210747109.86,116161.41,519720.07
0.0,9309180995502.01,22830989542.88,107214.68,495003.84
0.0,11866861318657.36,25437412943.96,94857.53,472261.51
0.0,10292874203199.3,23894625148.77,94580.12,453013.56
0.0,9366422810845.6,21967034936.2,92420.21,415273.98
0.0,26730250761516.97,53614826875.46,164138.02,740770.14
0.0,3064812025967.14,8774667338.55,55320.8,245592.25
0.0,6145703525068.89,16339756626.61,88714.65,440118.2
0.0,26981724824485.04,49195459134.68,137156.93,654689.86
