Class,Contrast,Dissimilarity,Energy,Homogeneity
0.0,3271552.0,419344.0,55910.67,3781348.22
0.0,1674091.0,231657.0,17635.18,1577537.74
0.0,1793974.0,246820.0,64314.49,2529938.23
0.0,1653606.0,216706.0,59394.67,2015300.29
0.0,1614982.0,231306.0,44508.79,1737248.89
0.0,2427474.0,313658.0,49672.44,2500955.18
0.0,1455290.0,201934.0,50738.14,1494667.01
0.0,1664528.0,231270.0,31583.13,1554652.42
0.0,1833417.0,254225.0,54304.56,1592111.85
0.0,1517286.0,205346.0,59452.09,1405094.76
0.0,2572494.0,357824.0,13686.9,2631101.18
0.0,1769795.0,239541.0,63479.29,1344227.3
0.0,1952163.0,272847.0,63817.38,1357739.89
0.0,2312341.0,323605.0,59579.52,2442613.13
0.0,3170318.0,440634.0,29725.59,4005037.65
0.0,2055905.0,277869.0,58112.29,1773918.59
0.0,3445718.0,480114.0,54172.87,4021192.06
0.0,1640154.0,220448.0,49967.12,1720032.4
0.0,1658032.0,219544.0,59934.51,1699915.33
0.0,1780354.0,245166.0,54336.24,1762103.81
0.0,2343636.0,318194.0,12353.02,2569313.69
0.0,2393627.0,316483.0,54357.65,1720608.9
0.0,958314.0,131096.0,24487.05,719413.68
0.0,2206776.0,296520.0,39730.81,2223801.57
0.0,2543250.0,350438.0,60894.1,2427779.04
0.0,1039868.0,138280.0,3795.77,936123.74
0.0,2702698.0,381978.0,52622.55,3287009.35
0.0,1875198.0,249824.0,49022.54,1757868.6
0.0,2569961.0,348811.0,57867.85,3122933.36
0.0,2890341.0,415189.0,64201.35,3437532.65
0.0,2755956.0,379046.0,50333.82,2516506.21
0.0,2412352.0,338338.0,15362.15,3417201.66
0.0,1719904.0,232484.0,39699.29,1790181.54
0.0,3279996.0,447652.0,45342.6,3407597.53
0.0,1662498.0,216442.0,7989.91,1325803.51
0.0,3123446.0,458510.0,17919.32,4605970.81
0.0,1427059.0,204887.0,37483.77,1679047.22
0.0,2290956.0,331086.0,19712.7,2822805.03
0.0,1528822.0,209362.0,35278.01,1571550.9
0.0,3337313.0,445025.0,36704.45,3665241.1
0.0,3322520.0,439044.0,55452.16,3400910.5
0.0,2219879.0,317873.0,27983.75,2655334.5
0.0,1291838.0,165180.0,47180.93,1214294.6
0.0,1679261.0,257509.0,59219.83,1820076.34
0.0,1838556.0,248578.0,50080.53,1742974.58
0.0,1910500.0,250410.0,59969.33,1608396.32
0.0,967377.0,133145.0,60343.84,742037.22
0.0,1673966.0,232752.0,15289.24,1434562.9
0.0,1472334.0,189334.0,46013.46,1142326.82
0.0,1660810.0,225766.0,43491.35,1806932.32
0.0,1927962.0,264422.0,43094.2,1975351.59
0.0,1910923.0,268403.0,27574.48,2439911.7
0.0,1625082.0,227558.0,49068.67,1797185.93
0.0,1887674.0,275154.0,7370.99,1938264.67
0.0,1931202.0,278742.0,54980.06,2580972.86
0.0,1507330.0,209004.0,28452.14,2053617.19
0.0,2397894.0,334544.0,37821.02,2686186.07
0.0,2093489.0,299403.0,20560.99,1943583.03
0.0,2078934.0,289354.0,42016.25,1999519.12
0.0,1993455.0,264409.0,55716.46,2602703.93
0.0,1655751.0,228871.0,46868.11,1830882.85
0.0,2088826.0,289130.0,36541.32,2577468.97
0.0,2429067.0,315205.0,59331.35,2194994.39
0.0,2362109.0,354191.0,44878.16,4268262.74
0.0,1884014.0,266484.0,63009.72,2382867.03
0.0,2473126.0,338092.0,30394.61,2925795.88
0.0,1592810.0,223898.0,63346.21,1829448.97
0.0,1380085.0,185061.0,36127.0,1540087.0
0.0,2106984.0,291204.0,33842.85,1963573.66
0.0,1970167.0,278655.0,64093.1,2295258.38
0.0,1509484.0,212258.0,54000.09,1609523.8
0.0,2252467.0,301315.0,40411.34,2646870.61
0.0,1292123.0,188609.0,32774.01,1352083.9
0.0,1995458.0,272064.0,18775.17,1970429.99
0.0,2027763.0,285467.0,12857.59,1463012.65
0.0,1672816.0,240824.0,51992.21,2154527.86
0.0,2418586.0,345056.0,51044.89,3226051.04
0.0,1890812.0,275142.0,51577.62,2437426.59
0.0,2265350.0,306474.0,36506.26,2627867.57
0.0,1865158.0,273470.0,22424.36,3169819.17
0.0,1214103.0,160131.0,57368.6,1345888.05
0.0,2287840.0,314502.0,65452.55,2468546.95
0.0,2036234.0,288096.0,42877.7,1897952.3
0.0,3307210.0,437450.0,20121.97,4657397.15
0.0,1956878.0,285650.0,57369.83,2041092.38
0.0,1641557.0,227633.0,22457.22,2124912.33
0.0,1798528.0,254204.0,29124.52,2178099.89
0.0,1833078.0,249774.0,50762.63,1706244.91
0.0,1655384.0,220096.0,36135.04,1641061.68
0.0,1772559.0,241993.0,54061.1,2321835.97
0.0,1966079.0,269647.0,57502.54,2052426.06
0.0,2285791.0,328403.0,64190.18,2509320.55
0.0,2322740.0,303808.0,34577.82,2721107.01
0.0,1727540.0,255902.0,40332.73,1720669.62
0.0,2325537.0,326935.0,53207.23,2674955.94
0.0,2001113.0,276083.0,39515.24,2124172.53
0.0,2412804.0,339872.0,46297.58,3483810.91
0.0,1777678.0,243038.0,29558.04,1430159.6
0.0,2248495.0,287855.0,51823.59,1757658.82
0.0,1756371.0,247753.0,56401.75,1597123.26
0.0,1987949.0,270269.0,47648.28,2398529.87
0.0,2300277.0,307199.0,13585.05,2897728.09
0.0,2268777.0,323155.0,64607.86,2934928.83
0.0,1553020.0,223588.0,26161.37,2101094.04
0.0,2321948.0,313134.0,13945.91,2573508.19
0.0,1840274.0,246858.0,50745.97,1749385.98
0.0,1659658.0,217348.0,5536.42,2057168.45
0.0,1999251.0,283353.0,46969.0,2102366.96
0.0,1978616.0,307594.0,60355.1,3029996.96
0.0,1794433.0,248133.0,43470.04,1505398.07
0.0,2390365.0,331523.0,23658.55,3487012.4
0.0,1730426.0,236196.0,40608.72,1578189.69
0.0,3164761.0,456433.0,44304.74,4583931.65
0.0,2287772.0,312184.0,44288.39,2368406.8
0.0,1290110.0,183974.0,22975.88,1475748.48
0.0,2106738.0,280902.0,47914.68,2715047.92
0.0,1497146.0,201050.0,60324.31,1471555.23
0.0,2093842.0,270336.0,43809.94,2284490.99
0.0,2588669.0,354673.0,57449.49,2669203.32
0.0,1887707.0,256871.0,62908.13,2349998.61
0.0,2495891.0,334239.0,26496.21,2448739.15
0.0,2344169.0,332025.0,43372.34,2615271.26
0.0,2295066.0,325414.0,29404.88,3072929.6
0.0,2067483.0,290597.0,64488.51,2086754.01
0.0,1588926.0,219600.0,50955.58,1554930.04
0.0,1935146.0,274208.0,58668.39,2153361.68
0.0,1556282.0,216622.0,43302.38,1383064.85
0.0,1577056.0,216286.0,49910.55,1374625.72
0.0,1816487.0,236127.0,36907.97,1377320.16
0.0,2410282.0,323240.0,53936.22,2666813.1
0.0,2466932.0,321030.0,60593.26,2183512.08
0.0,3277488.0,465012.0,49372.57,3744698.58
0.0,1105146.0,156616.0,45415.61,1079712.28
0.0,1536330.0,216984.0,61339.73,1590132.56
0.0,2107414.0,302212.0,40200.45,2119471.3
0.0,1258618.0,165922.0,50434.72,816249.75
0.0,1552327.0,204563.0,59527.0,1164962.22
0.0,1755418.0,226274.0,57635.93,1325674.95
0.0,3292192.0,444558.0,60404.17,3506465.08
0.0,1878528.0,268570.0,52699.32,1904345.19
0.0,1729845.0,239463.0,61379.88,1519689.37
0.0,1926151.0,278717.0,46145.25,2084562.42
0.0,2820542.0,367192.0,50444.94,2517794.97
0.0,1167409.0,152407.0,53660.2,1077377.6
0.0,1685763.0,229623.0,40425.86,1706090.54
0.0,2760788.0,389062.0,49470.57,1882837.47
0.0,2487790.0,349424.0,22732.14,2631026.26
0.0,1493544.0,200260.0,49766.41,1113719.67
0.0,2014422.0,256078.0,51627.63,1632537.14
0.0,1476610.0,225498.0,49016.4,1758164.73
0.0,2128398.0,299654.0,23160.56,1738156.64
0.0,996553.0,139471.0,65505.02,901897.12
0.0,3117867.0,430291.0,32284.89,4701165.68
0.0,2149805.0,258921.0,12815.48,1901652.91
0.0,2240019.0,303269.0,7449.82,2352493.98
0.0,2885029.0,381675.0,49351.25,2812328.08
0.0,2465423.0,340693.0,45994.43,2633708.38
0.0,2164505.0,300881.0,38334.34,2176469.95
0.0,1742802.0,228372.0,21455.61,1875480.82
0.0,1827229.0,237189.0,44608.92,1344602.71
0.0,2301035.0,311841.0,64383.96,2166175.16
0.0,2126386.0,269430.0,50201.57,1849369.29
0.0,1728684.0,233696.0,54355.74,1416062.11
0.0,1937034.0,281230.0,41895.62,2038444.8
0.0,1223524.0,180914.0,42065.86,1338532.21
0.0,2372187.0,344321.0,61594.29,2722163.19
0.0,1858815.0,237915.0,20481.89,1806951.46
0.0,1423270.0,188124.0,29227.31,1469288.72
0.0,1648960.0,223256.0,56696.15,1464125.44
0.0,1407981.0,187819.0,48026.12,1218587.64
0.0,3769402.0,529032.0,22473.21,3886228.59
0.0,2444797.0,317943.0,22489.19,2060213.85
0.0,1817392.0,239222.0,44769.69,2018300.46
0.0,1579539.0,216035.0,13983.44,1758520.78
0.0,1932297.0,266217.0,46462.54,1802728.58
0.0,2134165.0,297569.0,50528.92,2136620.39
0.0,1720888.0,229220.0,52397.71,1340214.32
0.0,1983073.0,263663.0,10967.85,1900250.98
0.0,1771926.0,242068.0,35748.0,1660972.52
0.0,1695884.0,235422.0,11118.88,1597798.41
0.0,1453096.0,193532.0,20762.07,1380449.87
0.0,1673747.0,210161.0,54857.3,877904.64
0.0,3395958.0,466850.0,30179.07,3997703.64
0.0,3049174.0,404882.0,50594.35,2858702.25
0.0,2463458.0,330752.0,17823.99,2360381.69
0.0,2988849.0,394207.0,57851.04,2856127.35
0.0,2531891.0,326091.0,37660.58,1512128.63
0.0,2326456.0,306500.0,28243.7,2328476.42
0.0,2111759.0,286091.0,30887.65,2346433.68
0.0,1955528.0,272124.0,65219.9,1731563.47
0.0,1751747.0,238359.0,41697.72,1878078.81
0.0,2062400.0,289518.0,24259.5,1894581.21
0.0,1994079.0,278315.0,28233.28,2202781.31
0.0,1901863.0,260825.0,56940.78,1950089.66
0.0,3295461.0,464847.0,47495.27,3333171.0
0.0,2085135.0,273859.0,19738.39,2204395.95
0.0,1480648.0,194620.0,28013.33,1524235.82
0.0,3477599.0,453863.0,44466.99,3596794.98
0.0,1882602.0,241418.0,51998.16,1469429.68
0.0,1770640.0,250016.0,22977.68,2075067.92
0.0,2331749.0,329201.0,54497.09,2133003.64
0.0,1704949.0,236149.0,49496.4,1834720.07
0.0,1332123.0,195931.0,35100.24,1209612.73
0.0,1891385.0,256775.0,47541.97,1499133.97
0.0,2700388.0,391764.0,50246.25,2931848.17
0.0,2234783.0,302889.0,24195.68,2781257.19
0.0,2115697.0,281345.0,54785.44,1931703.96
0.0,2867584.0,373000.0,65170.16,3068579.72
0.0,1949917.0,275695.0,44484.86,1581936.37
0.0,1153206.0,151676.0,46049.3,826490.06
0.0,2373878.0,323686.0,65142.42,2160079.39
0.0,2273112.0,312166.0,60789.38,2541414.34
0.0,4530446.0,656814.0,63334.27,5407351.83
0.0,2441097.0,324725.0,40072.4,1784955.99
0.0,2810315.0,375999.0,62448.71,2468358.31
0.0,2256666.0,328692.0,19047.91,2588013.87
0.0,3855342.0,483804.0,55913.4,3109323.6
0.0,2549165.0,354387.0,29396.04,2013605.76
0.0,1976510.0,257490.0,50765.19,1713136.12
0.0,1912872.0,248924.0,29027.61,1917019.45
0.0,1812206.0,238476.0,39612.71,1415825.6
0.0,2179465.0,288897.0,60540.75,2358138.07
0.0,2005115.0,278547.0,37782.67,2406701.29
0.0,2227235.0,296723.0,26014.51,2030512.71
0.0,2554262.0,335242.0,28212.79,2925313.1
0.0,2191265.0,309037.0,1322.4,2481116.8
0.0,2685430.0,380242.0,31463.06,3220314.96
0.0,1690839.0,233761.0,57757.55,1494451.79
0.0,1992932.0,287104.0,47932.95,2293700.27
0.0,1696367.0,225167.0,54480.25,1760129.32
0.0,2127251.0,320931.0,55970.32,3120651.49
0.0,2533337.0,344793.0,51268.43,3706683.4
0.0,1470435.0,216263.0,44041.05,1767705.64
0.0,1128420.0,144646.0,48381.13,903893.51
0.0,2456232.0,336046.0,44368.37,2834163.63
0.0,1649622.0,217848.0,62164.44,1682261.0
0.0,1644204.0,232010.0,12931.83,1600429.5
0.0,2170217.0,289533.0,54608.39,2633827.34
0.0,2109058.0,283588.0,52904.76,2364460.13
0.0,1471340.0,200926.0,62303.01,1359587.82
0.0,2427984.0,336648.0,11844.94,2740227.47
0.0,2205205.0,306739.0,58137.43,2392663.47
0.0,1681878.0,226906.0,47039.78,1665885.34
0.0,2391301.0,330449.0,41641.75,1955382.98
0.0,2365712.0,348034.0,37881.69,3283397.67
0.0,2215615.0,308461.0,37199.71,2571077.98
0.0,2499537.0,340039.0,57086.67,2927873.98
0.0,2193752.0,312160.0,37504.5,2673592.26
0.0,2028858.0,280428.0,64835.78,2425059.06
0.0,1933272.0,255106.0,48036.0,1960871.74
0.0,2695411.0,365759.0,5904.68,2388791.5
0.0,2471633.0,362523.0,54524.88,3128314.96
0.0,2681916.0,367302.0,37149.6,2839037.53
0.0,3294656.0,447686.0,64967.73,4213573.84
0.0,2385378.0,344764.0,52431.69,2926961.93
0.0,1813734.0,243424.0,55887.18,1503711.35
0.0,2962271.0,417733.0,54431.66,2955673.02
0.0,2491786.0,363922.0,22385.4,3628560.53
0.0,1284651.0,173615.0,61855.76,1126392.87
0.0,3484851.0,470533.0,45436.05,4484359.94
0.0,1760931.0,249027.0,60258.52,2015381.55
0.0,2091528.0,286752.0,34873.01,2209973.5
0.0,2572265.0,362661.0,3099.24,3073406.0
0.0,1989276.0,274688.0,45931.21,2322286.54
0.0,1924532.0,272774.0,23502.54,2260628.04
0.0,2045266.0,288134.0,63712.34,1945120.51
0.0,2489163.0,349639.0,46265.83,3230642.17
0.0,1977932.0,282686.0,42598.42,2164676.05
0.0,2645992.0,381880.0,57372.34,3839053.59
0.0,2360386.0,326014.0,58538.76,2983415.69
0.0,2949818.0,394236.0,10265.03,3603428.68
0.0,2227018.0,320200.0,51961.16,2043124.86
0.0,1885881.0,262703.0,26306.53,1767939.38
0.0,1482664.0,200546.0,64647.28,1439430.32
0.0,1891888.0,271756.0,56521.01,2260574.35
0.0,1413160.0,198380.0,48366.77,1579628.31
0.0,2617712.0,343472.0,29628.25,2475431.32
0.0,2309371.0,307693.0,22684.15,2537858.94
0.0,1158226.0,152280.0,37760.92,1294693.55
0.0,3578751.0,506115.0,61387.96,4705163.69
0.0,1411244.0,186128.0,14844.89,1138591.4
0.0,1234867.0,179885.0,45999.28,1237262.57
0.0,1889392.0,245910.0,56587.48,1911548.18
0.0,1694578.0,231110.0,58442.99,1628404.4
0.0,1775361.0,240041.0,40747.0,1425677.57
0.0,2375911.0,322729.0,61660.81,2606568.51
0.0,2212341.0,318795.0,30017.8,2509777.82
0.0,1315758.0,171246.0,65294.2,1121331.23
0.0,1448693.0,203577.0,63951.66,1449488.63
0.0,3618221.0,493693.0,49057.23,4351834.0
0.0,1777584.0,244054.0,35224.69,1987160.93
0.0,1932125.0,258105.0,28650.4,2202223.53
0.0,3206141.0,493807.0,43746.15,4662416.4
0.0,2086916.0,291166.0,54254.28,2324791.71
0.0,3361562.0,489346.0,35336.83,4918815.4
0.0,2347612.0,297950.0,55322.75,2131701.42
0.0,2577416.0,381154.0,53658.89,3504261.92
0.0,2478885.0,325187.0,32418.65,2519775.79
0.0,1237404.0,169276.0,19060.91,1256329.53
0.0,2537281.0,350591.0,44947.3,2923360.22
0.0,1623948.0,233818.0,50000.37,1533766.39
0.0,1494529.0,217411.0,35869.99,1610763.63
0.0,2047127.0,286235.0,24940.91,1935046.06
0.0,2243167.0,298015.0,64053.91,2423651.83
0.0,1473572.0,205744.0,60477.0,1679484.34
0.0,1425176.0,193724.0,30329.03,1383546.26
0.0,1712062.0,246904.0,38275.23,1587481.34
0.0,3074991.0,431513.0,46973.68,3446466.34
0.0,3577529.0,462753.0,40557.22,4059599.07
0.0,1790910.0,238774.0,47300.99,1701136.25
0.0,2070612.0,288802.0,63896.31,2174905.28
0.0,1368551.0,202769.0,30059.41,1652019.38
0.0,1353890.0,191952.0,63870.45,1486462.32
0.0,1785451.0,265181.0,58654.23,2180768.28
0.0,2175188.0,304174.0,35470.61,2244459.85
0.0,1995022.0,279888.0,33497.91,2349949.3
0.0,2407129.0,348301.0,51970.07,3134698.39
0.0,1508743.0,201717.0,27565.27,1561713.32
0.0,1333713.0,179811.0,35519.23,1155327.08
0.0,1500818.0,212540.0,29072.51,1246052.25
0.0,1481964.0,204116.0,43762.01,1799665.61
0.0,1434522.0,211822.0,64288.59,1485638.11
0.0,2700835.0,373587.0,45643.06,2697604.29
0.0,2933875.0,403151.0,13281.52,3681985.47
0.0,1936046.0,262324.0,65315.87,1924671.14
0.0,1560172.0,206174.0,41306.09,1476153.2
0.0,1844346.0,252920.0,46692.35,2363284.64
0.0,1584672.0,233758.0,61861.26,1853413.67
0.0,1498948.0,197978.0,45126.08,1418225.53
0.0,2974206.0,400434.0,44918.48,3373573.47
0.0,4737885.0,623487.0,48517.17,5721787.1
0.0,2193813.0,290957.0,49373.92,2229604.09
0.0,2521190.0,350292.0,36355.66,3083186.03
0.0,2404346.0,336212.0,6961.92,3016322.54
0.0,2153172.0,305902.0,60993.62,2453652.36
0.0,5646225.0,717393.0,56027.5,7150275.78
0.0,1525278.0,203292.0,9628.91,1705608.04
0.0,1500540.0,209904.0,48302.19,1365742.28
0.0,2096246.0,297190.0,40681.82,2527022.16
0.0,1879865.0,263381.0,45233.89,1829485.99
0.0,1894184.0,249912.0,20249.51,1588306.86
0.0,2465480.0,348084.0,45062.23,3069903.7
0.0,1491902.0,207216.0,47452.07,1235258.54
0.0,1430264.0,188338.0,30236.38,1320897.8
0.0,1297691.0,182701.0,61165.83,1402292.0
0.0,1956122.0,266858.0,61105.46,2129352.75
0.0,1656640.0,233964.0,10156.95,1967495.77
0.0,1524173.0,210641.0,18124.54,1553045.46
0.0,1708073.0,253611.0,46056.84,1808876.57
0.0,1779413.0,234143.0,29793.41,1586320.01
0.0,2241012.0,296564.0,50092.44,2471563.15
0.0,2201310.0,320886.0,20179.37,2512593.35
0.0,1496457.0,210435.0,23212.27,1614805.82
0.0,2536690.0,334890.0,60503.31,2732700.65
0.0,2414290.0,336304.0,62543.44,2517191.87
0.0,5192744.0,679504.0,29121.96,5782972.72
0.0,2296366.0,326948.0,9351.14,2144747.71
0.0,1665230.0,236114.0,38022.52,1624336.49
0.0,1539526.0,221296.0,50672.65,2183405.25
0.0,1541222.0,205740.0,58587.03,1589254.87
0.0,2401034.0,329132.0,56239.02,2947249.04
0.0,3341570.0,439576.0,31076.47,3476809.08
0.0,1897770.0,261322.0,51939.83,1755926.04
0.0,2098620.0,295330.0,60385.49,2464873.32
0.0,1479184.0,217482.0,58063.57,1933291.29
0.0,2128708.0,300040.0,51062.32,2871811.37
0.0,2136252.0,297292.0,63061.73,2572266.88
0.0,2309103.0,312473.0,60163.09,2232203.13
0.0,2273982.0,300914.0,33120.55,2268155.12
0.0,1997558.0,277532.0,57632.83,1909678.43
0.0,2178242.0,321908.0,19484.81,2949215.19
0.0,2326373.0,319647.0,37543.55,2831892.53
0.0,1591916.0,226486.0,21862.11,1899893.03
0.0,2147943.0,306621.0,59390.95,2618220.05
0.0,1682492.0,225448.0,35876.42,1334956.65
0.0,1606518.0,214002.0,64640.28,1971927.9
0.0,2198794.0,301298.0,26572.24,2209311.56
0.0,2840299.0,392293.0,47241.24,3162529.59
0.0,1482039.0,202991.0,44629.57,1240904.65
0.0,1414068.0,201370.0,43260.0,1884951.37
0.0,1904580.0,274504.0,60013.85,2102512.93
0.0,3712817.0,490553.0,13890.22,3271610.7
0.0,3125851.0,410309.0,40540.48,3020957.83
0.0,1871279.0,268945.0,8766.87,1894851.76
0.0,1859112.0,258706.0,27872.61,2242505.63
0.0,3731730.0,495416.0,49799.25,4562458.48
0.0,2938508.0,416068.0,46384.23,4188407.51
0.0,1387443.0,190989.0,29157.34,1352158.45
0.0,2731802.0,395946.0,22045.45,3416477.15
0.0,1326781.0,192625.0,9472.88,1639929.88
0.0,2188547.0,305611.0,38062.32,2348175.92
0.0,1636616.0,230038.0,50072.13,1856780.12
0.0,4736615.0,617349.0,21055.57,5282022.11
0.0,1218128.0,166558.0,52910.7,1334627.21
0.0,2006678.0,281652.0,61602.18,2335524.03
0.0,3517608.0,477460.0,33262.97,4139322.76
0.0,1580220.0,217236.0,20804.31,1450323.93
0.0,1331842.0,176256.0,24674.49,1218780.48
0.0,2159593.0,311093.0,26515.01,1916854.7
0.0,2880341.0,385355.0,64954.63,3306299.31
0.0,3115284.0,395750.0,54519.36,3849200.92
0.0,2826696.0,408906.0,59735.36,4451032.23
0.0,2259965.0,310313.0,33512.7,2485034.33
0.0,2470707.0,335541.0,65063.9,2734842.69
0.0,2011196.0,287208.0,26149.86,2444606.78
0.0,2749519.0,375605.0,28617.95,2598545.1
0.0,1297019.0,173381.0,27577.51,1298409.41
0.0,1439724.0,205060.0,62145.86,1609058.06
0.0,2059346.0,286122.0,60957.88,2129612.91
0.0,1611764.0,216018.0,25163.38,1736653.65
0.0,2609033.0,362707.0,64125.45,2533809.61
0.0,2125126.0,305236.0,45272.69,1834138.48
0.0,3581891.0,497677.0,59757.19,4130092.18
0.0,2118907.0,284039.0,26760.63,2196045.09
0.0,1075948.0,150600.0,40800.91,1001951.24
0.0,2588161.0,353539.0,61580.47,2582431.9
0.0,1333978.0,177896.0,12085.65,1467909.01
0.0,2217358.0,318874.0,58619.08,3351562.29
0.0,2164205.0,285077.0,61261.47,2009966.19
0.0,2906698.0,405446.0,58595.79,3199662.79
0.0,1986256.0,275546.0,33713.26,2230444.05
0.0,2994080.0,419410.0,56410.76,3931486.08
0.0,1648424.0,230116.0,63837.11,1571035.74
0.0,1857684.0,261962.0,17451.12,1906396.5
0.0,1577310.0,213768.0,60775.93,1717878.7
0.0,2235606.0,303166.0,54394.58,2647352.26
0.0,2611372.0,371324.0,64104.41,3020404.22
0.0,1455308.0,204820.0,62436.22,1378899.49
0.0,1876417.0,265695.0,61465.23,2260498.64
0.0,1295886.0,175610.0,55129.86,1288025.78
0.0,2383972.0,308702.0,41207.53,2597384.79
0.0,1585680.0,205692.0,52298.45,1651218.1
0.0,1409215.0,182859.0,56155.32,1161380.02
0.0,2539056.0,361216.0,48213.15,2436564.48
0.0,2398923.0,331765.0,56917.59,2511050.32
0.0,1548058.0,212982.0,47496.06,1695926.92
0.0,1191950.0,165338.0,58269.73,1583856.94
0.0,1561464.0,211626.0,42995.77,1667931.66
0.0,1852749.0,261837.0,42393.45,1797383.1
0.0,2276619.0,320085.0,40130.48,2792374.75
0.0,2170432.0,307202.0,40927.43,2507105.46
0.0,1816524.0,256194.0,24150.25,2099320.51
0.0,2333962.0,316944.0,47185.72,2466235.03
0.0,2135052.0,286522.0,59290.38,2169995.22
0.0,3582928.0,477556.0,55390.19,4217103.35
0.0,3267448.0,459708.0,61818.95,4166389.09
0.0,3265878.0,475336.0,30795.25,4120979.0
0.0,1789053.0,248969.0,53986.82,2024241.79
0.0,2428915.0,322141.0,48645.35,2615445.64
0.0,2008034.0,280102.0,49196.69,1894545.48
0.0,2272625.0,315473.0,36160.31,2028922.77
0.0,1906527.0,265683.0,26627.98,1714615.23
0.0,1890524.0,254342.0,27813.82,1848264.09
0.0,1833290.0,246616.0,50212.99,1998539.74
0.0,2307914.0,322122.0,49611.77,2687237.16
0.0,1936066.0,274386.0,55371.88,2377258.0
0.0,2087946.0,284374.0,23082.46,2180836.08
0.0,2161880.0,291222.0,45673.83,2098539.74
0.0,1862008.0,257510.0,62387.66,1994592.7
0.0,2135395.0,288367.0,40097.77,1992494.07
0.0,2259998.0,294764.0,59039.09,2085550.58
0.0,2286407.0,322899.0,32451.88,2641313.86
0.0,2659886.0,350212.0,40866.8,2843725.5
0.0,3088268.0,422618.0,60474.67,4237365.35
0.0,2332135.0,328499.0,56564.41,2635910.93
0.0,3208658.0,438886.0,14360.31,3136959.0
0.0,1332972.0,182096.0,65326.85,1259510.58
0.0,2992839.0,403777.0,59207.22,3092843.12
0.0,1789425.0,255001.0,47223.15,2262541.74
0.0,1776429.0,252265.0,54828.3,2416753.3
0.0,2114983.0,271939.0,56798.95,2167014.22
0.0,1521888.0,201250.0,29147.48,1483954.07
0.0,2464834.0,335058.0,28547.85,3069066.79
0.0,1806637.0,243623.0,64269.54,1514181.92
0.0,1582709.0,224885.0,51292.61,1303135.32
0.0,2087337.0,311231.0,54137.44,2756429.58
0.0,2030382.0,292744.0,54792.76,2437151.02
0.0,1753002.0,241518.0,53662.8,1603844.82
0.0,1851461.0,255165.0,57996.72,1767990.27
0.0,1627126.0,228038.0,62429.53,1943809.17
0.0,2804304.0,364958.0,48795.37,2660124.63
0.0,1972552.0,266590.0,61885.72,1518728.06
0.0,3112989.0,429025.0,23841.37,4232764.59
0.0,1238832.0,167876.0,31615.38,1266212.59
0.0,1545649.0,203343.0,27567.84,1621298.62
0.0,1497683.0,200185.0,60027.55,1484787.33
0.0,2797438.0,394138.0,47963.98,3532687.3
0.0,1711430.0,232198.0,53832.52,1861496.18
0.0,1133207.0,165879.0,61595.48,1160128.71
0.0,2201925.0,298885.0,49626.72,1974590.32
0.0,1714449.0,233083.0,40808.64,1459653.38
0.0,1816836.0,255014.0,36711.35,2187307.5
0.0,2120682.0,285970.0,33443.46,2364629.12
0.0,1700305.0,226387.0,24246.17,1820463.25
0.0,1432889.0,197417.0,19870.47,1087972.98
0.0,1660662.0,230426.0,58596.73,1809602.37
0.0,3651586.0,504618.0,60317.11,4637906.52
0.0,2766072.0,356802.0,59264.88,2631888.41
0.0,2702258.0,385588.0,46943.03,3793508.5
0.0,3270921.0,447059.0,26918.22,4196444.02
0.0,1758672.0,249092.0,37245.72,2041989.52
0.0,2149219.0,287053.0,45996.87,2025682.18
0.0,1971609.0,272925.0,15335.85,2121346.03
0.0,2307595.0,320843.0,61432.44,3015433.34
0.0,1853048.0,249194.0,57317.41,1926895.67
0.0,1551731.0,218843.0,61748.66,1447180.81
0.0,1972732.0,290204.0,7271.73,2710535.88
0.0,2307322.0,333514.0,30520.86,2666388.67
0.0,2404731.0,337049.0,48377.93,2782677.12
0.0,1630483.0,222061.0,31567.69,1755887.52
0.0,1240703.0,170941.0,34158.47,1115356.38
0.0,2308694.0,326998.0,64998.13,3142844.08
0.0,1648651.0,228145.0,22095.13,1548033.06
0.0,1916631.0,273361.0,21860.04,2446091.22
0.0,2027707.0,275775.0,42707.91,1861928.55
0.0,3130193.0,459283.0,31782.46,5335395.38
0.0,2512000.0,354912.0,44325.53,2737390.97
0.0,2035776.0,270984.0,18903.79,2015991.12
0.0,1881888.0,243972.0,21425.05,1506611.93
0.0,5197529.0,669283.0,62875.04,5721419.14
0.0,1586443.0,217645.0,32857.93,1795735.12
0.0,3055668.0,451604.0,47875.68,3747045.2
0.0,2096657.0,286951.0,50331.04,1475211.77
0.0,2412011.0,325955.0,58871.22,2496528.26
0.0,1336964.0,180300.0,29439.91,1210271.68
0.0,1998044.0,272938.0,60193.88,1961635.62
0.0,2396651.0,319587.0,15557.09,1848316.28
0.0,2623489.0,364173.0,63883.26,2790557.52
0.0,1569150.0,217220.0,40802.78,1517889.86
0.0,1989657.0,262857.0,38892.62,1583986.53
0.0,1916077.0,259987.0,30144.25,1540216.73
0.0,3402102.0,449322.0,48260.67,3140360.12
0.0,2087048.0,267734.0,60262.82,1850800.55
0.0,3615394.0,498874.0,21361.9,3611345.05
0.0,1865182.0,256720.0,24957.62,1889921.92
0.0,1486053.0,194013.0,17860.97,992846.49
0.0,2615661.0,358939.0,35600.11,1924387.04
0.0,1902382.0,271672.0,45978.46,1909260.48
0.0,2265954.0,317164.0,61479.53,1703373.7
0.0,1257545.0,177555.0,62924.46,1099188.86
0.0,5095544.0,671464.0,52378.21,4886488.8
0.0,1001289.0,147623.0,49381.51,1000326.63
0.0,2303578.0,301696.0,58967.61,2490744.01
0.0,2389287.0,334961.0,61860.69,2537441.99
0.0,1022287.0,140591.0,15779.78,859190.93
0.0,2022388.0,287542.0,43228.58,2003217.67
0.0,3573697.0,493439.0,58171.04,3339172.83
0.0,2937698.0,426768.0,22202.3,3600938.67
0.0,1728199.0,250653.0,39474.44,1935503.1
0.0,3272353.0,428949.0,37387.18,2814210.0
0.0,1919239.0,243707.0,62687.31,1442476.18
0.0,1898804.0,258882.0,46909.15,1924773.96
0.0,2504652.0,332348.0,47209.52,2389341.34
0.0,2025342.0,276050.0,52163.74,1615838.88
0.0,2463113.0,337193.0,25389.7,2360544.17
0.0,2186220.0,299622.0,62090.31,1919617.69
0.0,3223656.0,427302.0,61289.77,3065660.86
0.0,2064307.0,289951.0,52971.0,2007221.05
0.0,2518275.0,347345.0,18026.06,2839035.43
0.0,1872970.0,265854.0,57576.13,2102365.98
0.0,1964038.0,271470.0,53070.98,2106595.52
0.0,1710158.0,228024.0,20750.35,1650991.6
0.0,1866896.0,253154.0,55729.97,1620852.57
0.0,1783895.0,249147.0,55973.63,1534136.15
0.0,1875362.0,266340.0,36143.31,2119416.23
0.0,2048389.0,300447.0,23809.81,2166691.56
0.0,1935096.0,272964.0,43500.75,1805752.96
0.0,2021698.0,285574.0,17714.85,2255064.33
0.0,2263607.0,315077.0,56624.27,2384551.17
0.0,1757017.0,263483.0,42739.54,1591567.51
0.0,2364261.0,320193.0,56432.51,1852277.98
0.0,1976119.0,268251.0,54715.18,1808172.22
0.0,1183636.0,163310.0,47673.37,1202631.68
0.0,1098262.0,149208.0,36788.08,997930.96
0.0,1959019.0,254191.0,24211.54,1645224.64
0.0,4762080.0,663830.0,8006.62,6190800.02
0.0,1770368.0,240646.0,57770.2,1676501.1
0.0,1594586.0,217978.0,43526.7,1380710.77
0.0,1599350.0,224090.0,38517.57,1491604.89
0.0,2136684.0,297278.0,15858.19,1953978.89
0.0,1215413.0,160881.0,64599.63,867645.65
0.0,2188755.0,302911.0,38159.86,2280832.15
0.0,1413902.0,188440.0,43870.56,1330280.69
0.0,2063112.0,282090.0,52601.3,2101459.52
0.0,2043204.0,274596.0,47330.15,2084940.47
0.0,2062485.0,291807.0,64207.49,1800783.22
0.0,2663795.0,353029.0,46149.03,2811796.32
0.0,1049332.0,150086.0,52004.87,1130386.32
0.0,1764904.0,244500.0,37724.01,1626523.58
0.0,1538276.0,204910.0,64289.09,1592903.97
0.0,1686727.0,223423.0,24339.45,1608942.72
0.0,2388612.0,330710.0,56695.46,2514623.6
0.0,1802177.0,254617.0,30853.86,1332365.48
0.0,1661705.0,227093.0,64442.14,1336035.67
0.0,1720023.0,241681.0,38798.7,1321934.22
0.0,2392106.0,338070.0,29260.91,2306341.46
0.0,3421229.0,456417.0,12411.55,4190572.44
0.0,2175644.0,319212.0,26193.31,2696195.8
0.0,1337143.0,178491.0,56327.57,1125926.0
0.0,2214751.0,315657.0,31466.61,2246121.24
0.0,2226652.0,304706.0,49809.41,2082156.79
0.0,1311745.0,178095.0,54855.36,1354172.94
0.0,2017779.0,281631.0,33639.19,1611450.68
0.0,4185847.0,574073.0,59795.82,5632452.63
0.0,2492906.0,344960.0,64238.64,2412610.78
0.0,2183187.0,291235.0,22690.46,2112201.86
0.0,1763713.0,247529.0,26960.25,1493745.38
0.0,2174547.0,284509.0,64801.63,1746899.12
0.0,1555570.0,204870.0,64787.46,1575249.32
0.0,1648181.0,217505.0,57589.58,1571083.17
0.0,1816340.0,239428.0,64138.73,1648788.78
0.0,3237939.0,439477.0,39001.67,2997922.02
0.0,2997050.0,412866.0,55914.53,3775510.7
0.0,1944851.0,276733.0,20078.03,2087832.25
0.0,2971809.0,413053.0,64922.65,3409075.43
0.0,2119756.0,286550.0,63748.58,2012795.35
0.0,1373098.0,189890.0,29867.24,1445377.68
0.0,2189608.0,295640.0,63610.91,1849265.99
0.0,1548815.0,215283.0,58606.24,1476618.19
0.0,1920755.0,272419.0,59699.67,2238123.7
0.0,3044515.0,426639.0,25020.66,3379468.39
0.0,1841806.0,254594.0,45977.07,1952906.94
0.0,1452679.0,199267.0,45765.37,1415969.35
0.0,1933513.0,287235.0,53372.88,1674368.98
0.0,3092292.0,429870.0,64756.31,4067589.14
0.0,2399341.0,347085.0,54223.78,3022488.25
0.0,2564078.0,345458.0,59596.51,2060761.22
0.0,2159140.0,298212.0,39989.2,2180148.69
0.0,2218326.0,289690.0,64343.76,2274037.56
0.0,2248145.0,300991.0,18440.83,2101777.63
0.0,2925440.0,389428.0,60744.66,3386430.98
0.0,1823862.0,255130.0,38877.82,1919768.31
0.0,1498022.0,211166.0,40165.25,1500420.7
0.0,1941254.0,279420.0,61751.16,2543898.05
0.0,2064786.0,304112.0,19449.36,2700480.18
0.0,2175684.0,295020.0,51158.69,1777677.88
0.0,2848009.0,408737.0,13826.07,3262274.95
0.0,2018069.0,276707.0,50729.8,1856084.87
0.0,2255098.0,311232.0,8438.17,1984290.29
0.0,2798886.0,433380.0,64766.78,2056417.82
0.0,1712576.0,241894.0,59350.73,1875077.87
0.0,2800254.0,420020.0,43285.32,4123884.58
0.0,1830416.0,246490.0,50210.34,1477640.87
0.0,2733098.0,382666.0,40690.53,2909342.71
0.0,2389155.0,323655.0,35932.86,1880389.4
0.0,3432386.0,573008.0,12144.7,5228330.76
0.0,2532823.0,358127.0,62639.27,2506167.0
0.0,1969355.0,276837.0,41370.6,2259940.57
0.0,2669319.0,361609.0,57168.27,2290619.87
0.0,1742102.0,239364.0,58125.68,2110324.9
0.0,1251644.0,176288.0,8253.63,1253125.34
0.0,1941878.0,277064.0,44288.65,2230931.67
0.0,1481425.0,198883.0,33081.61,1590750.61
0.0,1452053.0,193511.0,41516.31,1372674.39
0.0,1544941.0,209393.0,19811.67,1636424.26
0.0,1959293.0,268813.0,52170.82,2142587.17
0.0,2516708.0,348350.0,46466.31,3052481.81
0.0,1642878.0,223260.0,7762.45,1418561.33
0.0,1697774.0,225178.0,39061.0,1666752.92
0.0,1115366.0,154808.0,63252.79,1073778.2
0.0,1885776.0,269560.0,11858.95,2014849.86
0.0,2117830.0,273854.0,56121.82,1778841.86
0.0,1931176.0,259412.0,41749.76,1951590.38
0.0,2216390.0,296342.0,34076.32,1656887.51
0.0,3220268.0,451292.0,43958.73,4645924.93
0.0,994660.0,137882.0,55725.11,910303.36
0.0,2107332.0,282148.0,59593.56,2149216.88
0.0,1327937.0,189473.0,48284.78,1537845.26
0.0,2522559.0,336683.0,23727.68,2711912.34
0.0,1928987.0,255927.0,40007.42,1787892.49
0.0,2640225.0,353723.0,37667.76,2033337.31
0.0,2415329.0,346653.0,45341.76,2729073.74
0.0,1813893.0,243003.0,64475.99,1797082.29
0.0,2596813.0,403905.0,31237.83,3127755.34
0.0,2861127.0,390463.0,29299.08,3020373.62
0.0,2936194.0,395060.0,23420.34,3592836.65
0.0,1171394.0,153300.0,59745.77,974096.2
0.0,1704948.0,224902.0,31028.51,1286525.76
0.0,1330650.0,176158.0,60270.15,1037767.38
0.0,1266839.0,179051.0,56915.43,1196540.61
0.0,1891650.0,255322.0,62635.8,2147308.3
0.0,1958315.0,283835.0,55691.23,2092652.75
0.0,2097591.0,303675.0,16918.22,2815701.31
0.0,2614132.0,355068.0,63090.43,3092147.44
0.0,2312956.0,307128.0,11448.61,1986066.88
0.0,2165663.0,303275.0,24226.54,1943149.96
0.0,1558780.0,218100.0,59756.21,1506292.71
0.0,1945096.0,250616.0,37423.83,1600662.13
0.0,2193518.0,314588.0,61500.53,2592127.29
0.0,2106921.0,291675.0,65467.73,1643892.73
0.0,2328688.0,321510.0,28529.59,2344898.03
0.0,2288567.0,306981.0,63820.36,2386117.31
0.0,1951280.0,261626.0,63934.74,2265429.28
0.0,1647095.0,228169.0,62425.28,1455964.04
0.0,2210232.0,311324.0,56399.03,2837123.55
0.0,2205422.0,297514.0,65002.84,2532110.12
0.0,1909697.0,268365.0,40830.78,1620001.22
0.0,2670278.0,374080.0,45764.97,3085685.57
0.0,1408126.0,188772.0,43717.25,1622364.45
0.0,3624970.0,497572.0,48664.27,4708551.49
0.0,1497548.0,207830.0,54418.86,1536546.11
0.0,1919390.0,256544.0,47214.91,1942925.52
0.0,2350989.0,315699.0,25904.46,2098173.7
0.0,2608930.0,361978.0,32504.42,2824989.54
0.0,1570279.0,230175.0,43041.18,1173243.54
0.0,2311216.0,333242.0,50518.75,2934542.55
0.0,2613722.0,384730.0,59882.06,3368288.08
0.0,1904813.0,266171.0,54202.11,1533835.71
0.0,1848125.0,261047.0,64085.37,2068669.06
0.0,1385637.0,189179.0,64864.38,1378879.29
0.0,3632740.0,494648.0,33245.48,4430297.87
0.0,2295399.0,319535.0,28131.61,2260607.32
0.0,2841529.0,393267.0,52713.84,3352701.5
0.0,1025669.0,140933.0,53595.34,990318.55
0.0,2244600.0,320844.0,27640.87,2468089.84
0.0,1533550.0,211078.0,34477.31,1512577.53
0.0,3716080.0,491696.0,4916.06,4472931.54
0.0,2704285.0,403721.0,56814.07,3134181.15
0.0,2748571.0,389299.0,57318.57,2956260.37
0.0,3172225.0,428809.0,51757.19,3406498.93
0.0,1757426.0,243642.0,31584.28,1690247.07
0.0,3567251.0,467079.0,52565.12,3650820.95
0.0,3085196.0,433168.0,44000.66,3982117.71
0.0,1999377.0,274529.0,39184.1,1799908.48
0.0,2631792.0,373204.0,59630.7,2782492.21
0.0,2167808.0,288372.0,50342.01,1997956.6
0.0,1988640.0,285338.0,47887.0,2053223.75
0.0,1168423.0,159223.0,65178.31,1002986.2
0.0,3210801.0,463881.0,41616.02,4407036.08
0.0,4649479.0,615995.0,54958.91,4991622.61
0.0,1257645.0,166867.0,37501.33,1204953.52
0.0,1964227.0,273441.0,45513.17,2328158.42
0.0,1512581.0,196947.0,31805.18,999541.56
0.0,2736947.0,384171.0,64625.21,3199890.57
0.0,1601656.0,219936.0,57891.91,1945516.73
0.0,2219130.0,317138.0,29606.38,2116736.1
0.0,1768742.0,257134.0,52843.32,1791201.54
0.0,2057048.0,279968.0,64044.96,1849966.97
0.0,3430571.0,496257.0,40381.28,4118757.87
0.0,2758034.0,391952.0,50675.75,2939870.34
0.0,1911368.0,257252.0,28683.45,1934184.9
0.0,2984337.0,394431.0,63828.32,3362650.48
0.0,2813883.0,366161.0,47082.76,2580155.67
0.0,2442131.0,339293.0,65225.65,2569261.94
0.0,2410533.0,326753.0,30222.11,2395091.61
0.0,2576713.0,340857.0,31104.39,2314970.17
0.0,2213110.0,329510.0,64239.12,2992517.84
0.0,2593566.0,361318.0,9607.13,3100597.36
0.0,2568160.0,356940.0,63333.81,2756730.31
0.0,2901168.0,404300.0,27282.91,2631557.2
0.0,1866393.0,256885.0,17065.2,1698601.95
0.0,2139457.0,308935.0,34209.29,2540926.52
0.0,2669206.0,378644.0,60384.25,3312479.76
0.0,5572791.0,720183.0,56814.09,5989929.59
0.0,5572791.0,720183.0,56814.09,5989929.59
0.0,1595714.0,230674.0,13165.59,1750471.02
0.0,1013652.0,137268.0,40405.29,948672.98
0.0,1796006.0,262528.0,51902.79,1990814.2
0.0,1988169.0,269553.0,7003.25,1684976.29
0.0,2565334.0,368726.0,55973.84,2570238.78
0.0,1582668.0,225174.0,58812.1,1365268.46
0.0,1885852.0,258022.0,37494.72,1898771.07
0.0,1414410.0,188970.0,55085.63,1489222.13
0.0,5096475.0,749887.0,21786.4,2046609.19
0.0,3280249.0,461559.0,57446.57,3515263.46
0.0,5358082.0,735908.0,65494.67,6688272.8
0.0,2916642.0,418530.0,44394.38,4002106.8
0.0,2457567.0,335843.0,38115.18,2356423.89
0.0,2851896.0,398164.0,31143.4,3491954.97
0.0,1019896.0,137070.0,29949.81,1119379.09
0.0,2074560.0,287026.0,53147.83,1786929.09
0.0,3034311.0,402981.0,52032.73,2239072.13
0.0,1953645.0,261983.0,56793.41,1653264.96
0.0,2269191.0,308217.0,18001.64,2214540.52
0.0,2524950.0,356144.0,39421.86,3002455.65
0.0,3186486.0,477494.0,21483.0,3778573.83
0.0,2559588.0,368594.0,47254.65,3728854.94
0.0,2943994.0,400612.0,61195.94,2684086.21
0.0,2658922.0,342812.0,44786.8,2602903.1
0.0,3754405.0,530353.0,41487.01,4946847.5
0.0,1879116.0,263696.0,45809.09,2079273.65
0.0,2049771.0,286969.0,48048.78,2050430.3
0.0,1829969.0,261295.0,15895.8,2065026.84
0.0,1643976.0,214272.0,51735.56,1433752.58
0.0,2006176.0,265254.0,12557.12,1432291.08
0.0,1942240.0,255534.0,60888.67,1383027.1
0.0,1919587.0,268759.0,58332.57,1930200.47
0.0,1541456.0,210840.0,8115.26,1660180.86
0.0,2567616.0,370952.0,13726.57,3384192.52
0.0,1900087.0,270235.0,32225.16,2041646.91
0.0,3147344.0,415814.0,55679.43,2739617.26
0.0,1584175.0,221809.0,53522.37,1715050.76
0.0,2130750.0,309068.0,43293.53,2637065.32
0.0,1903322.0,263264.0,64504.94,1751516.65
0.0,1746615.0,243047.0,26431.18,1748593.12
0.0,2039649.0,280673.0,16683.48,1953720.25
0.0,2820953.0,398983.0,18952.43,3160865.91
0.0,2817521.0,384289.0,58242.19,1976191.01
0.0,1613626.0,218596.0,8204.3,1543394.96
0.0,2456876.0,329374.0,45244.09,2862287.98
0.0,1956604.0,268644.0,35411.75,1840605.09
0.0,2188308.0,320026.0,40670.64,2446564.47
0.0,2628887.0,342043.0,58408.82,1889852.3
0.0,1498625.0,220397.0,62168.61,1645322.32
0.0,1356407.0,184229.0,57090.77,1152984.88
0.0,3271727.0,444007.0,59373.42,4232445.32
0.0,1639336.0,212594.0,59651.84,1393984.18
0.0,2922919.0,421993.0,31892.5,3921236.33
0.0,2610799.0,385643.0,11929.95,2984505.14
0.0,1045291.0,137715.0,50649.46,877234.5
0.0,3763345.0,505495.0,59976.9,3231362.44
0.0,1590790.0,228194.0,51631.18,1832464.69
0.0,2043909.0,289145.0,47744.97,2389015.8
0.0,2374984.0,343132.0,50296.78,2840839.29
0.0,1959846.0,261028.0,43918.77,1797208.49
0.0,2364217.0,341665.0,57990.6,2086756.74
0.0,1983426.0,270272.0,33339.27,2060193.55
0.0,1718699.0,238187.0,63376.28,1737276.81
0.0,1922388.0,263184.0,63754.24,1864634.34
0.0,1780096.0,243982.0,19762.5,2076030.44
0.0,1826407.0,271007.0,61529.55,2575859.09
0.0,1827669.0,253961.0,51993.23,1812127.09
0.0,2627409.0,383245.0,20385.58,3263690.12
0.0,1709746.0,253668.0,42486.64,1932282.15
0.0,1911612.0,266938.0,19443.5,1800435.7
0.0,1691528.0,242286.0,64090.34,1299567.07
0.0,1111954.0,144904.0,62064.44,1038472.77
0.0,2063874.0,288634.0,60178.37,2567107.69
0.0,2738637.0,440301.0,18753.32,3302414.63
0.0,3466774.0,472300.0,29263.61,3673041.61
0.0,2354439.0,309077.0,42933.71,1864569.27
0.0,2033937.0,287373.0,43235.01,2484916.37
0.0,1764581.0,250319.0,56145.18,1867490.04
0.0,3061870.0,424096.0,46258.39,3573512.35
0.0,2878596.0,405064.0,52889.19,3215587.05
0.0,3863330.0,527082.0,63851.75,5553196.3
0.0,3210313.0,435061.0,34503.46,3116913.72
0.0,1139380.0,163838.0,12860.85,1626615.68
0.0,2000503.0,263181.0,32463.65,1352008.94
0.0,1837714.0,269094.0,54881.57,2200481.94
0.0,1070007.0,146693.0,45891.87,1082738.25
0.0,773884.0,100344.0,60417.46,871600.34
0.0,2245521.0,311641.0,15421.38,2311910.66
0.0,1701773.0,241021.0,37348.62,2154894.46
0.0,1633545.0,231945.0,62246.91,1632564.65
0.0,1298976.0,184274.0,56364.59,1268945.25
0.0,1477459.0,203861.0,35755.72,1781575.15
0.0,1452813.0,205289.0,9624.83,1796260.98
0.0,1738918.0,230386.0,55585.88,1447773.28
0.0,969269.0,141253.0,53537.3,1013635.3
0.0,846092.0,115454.0,57937.7,1018403.8
0.0,1041146.0,152074.0,39993.84,1201451.88
0.0,1588907.0,235115.0,26707.06,1441701.83
0.0,1051379.0,159683.0,39960.85,1396008.1
0.0,4307399.0,619415.0,32920.83,6213157.01
0.0,1702061.0,229559.0,45505.25,1429455.84
0.0,2300284.0,343832.0,43509.1,2986751.2
0.0,2151025.0,297621.0,34195.35,2063268.13
0.0,2339358.0,345392.0,30363.72,2956819.58
0.0,3815960.0,526896.0,52420.23,4915789.5
0.0,1553895.0,230101.0,63749.61,2013854.41
0.0,2322578.0,312172.0,51011.71,3417381.5
0.0,1957972.0,262670.0,55900.96,1698722.35
0.0,2736687.0,362311.0,17033.05,2351381.45
0.0,1483852.0,205080.0,32219.87,1470372.67
0.0,2242886.0,316306.0,55312.2,2389229.53
0.0,1807630.0,250780.0,50317.26,2158892.19
0.0,2045118.0,278464.0,36836.76,2217231.47
0.0,1577242.0,236114.0,31415.85,1949109.09
0.0,1900121.0,257421.0,46431.93,1933673.55
0.0,3114735.0,417333.0,14202.25,3578959.47
0.0,1625116.0,208436.0,56516.45,1242553.19
0.0,2203816.0,312804.0,63433.91,2011137.72
0.0,2514579.0,324409.0,47285.35,2216197.28
0.0,2030456.0,278190.0,51476.29,2279005.47
0.0,1968302.0,284626.0,39428.76,2350316.42
0.0,1523622.0,202566.0,49658.56,1607287.31
0.0,2251745.0,313775.0,53705.41,2251730.38
0.0,3397251.0,464815.0,64137.86,3092343.41
0.0,2075492.0,310280.0,36937.53,3040927.23
0.0,1847284.0,254590.0,60474.3,2236793.26
0.0,1876929.0,265271.0,27508.32,2257721.38
0.0,2494970.0,355506.0,32480.68,2633890.39
0.0,2053834.0,292018.0,44269.03,2702173.93
0.0,1236479.0,169353.0,63704.96,1177036.67
0.0,2114052.0,288712.0,50663.25,2516511.1
0.0,1439126.0,188690.0,39942.9,1432327.78
0.0,2298791.0,338757.0,60614.75,2519070.51
0.0,4643913.0,657901.0,55215.85,5707516.21
0.0,1506694.0,191972.0,64203.42,1059152.25
0.0,2121380.0,288802.0,23992.97,1530063.63
0.0,3180036.0,455138.0,65261.84,3971301.37
0.0,1733702.0,247420.0,52341.26,1868720.07
0.0,1582347.0,228665.0,48734.92,1656899.5
0.0,1739190.0,254606.0,27602.75,1719824.92
0.0,2325382.0,327164.0,36227.74,2610317.19
0.0,2331490.0,330364.0,20915.11,3348391.26
0.0,1956080.0,287512.0,46087.0,2430325.29
0.0,1710280.0,243302.0,60742.93,1888432.72
0.0,1637662.0,227142.0,37996.42,1306659.8
0.0,2759596.0,398022.0,62377.53,3381181.39
0.0,1832856.0,254314.0,17947.88,2031773.09
0.0,4424249.0,594219.0,32946.72,4148600.54
0.0,1788698.0,262614.0,62804.56,2072030.74
0.0,2815289.0,359487.0,42102.8,2420337.54
0.0,2100482.0,298690.0,16985.83,2420092.05
0.0,3787794.0,520470.0,19494.44,3703592.44
0.0,1922508.0,272582.0,46494.69,2045075.97
0.0,1817556.0,237808.0,12050.35,1503590.5
0.0,2105933.0,298643.0,24065.32,2106408.78
0.0,1848868.0,256500.0,63123.36,1750890.67
0.0,2672904.0,352234.0,62225.64,2472790.18
0.0,1671412.0,225800.0,61900.26,1713981.68
0.0,2019080.0,270490.0,43952.68,1519079.19
0.0,1612822.0,217204.0,62633.55,1733186.21
0.0,2267187.0,300491.0,29237.65,1909607.57
0.0,3424143.0,510067.0,17165.25,2247993.61
0.0,8203488.0,1297536.0,58152.09,1503527.1
0.0,2002256.0,272774.0,40261.05,2000835.79
0.0,1660646.0,234528.0,3999.33,1898226.42
0.0,2122570.0,303518.0,27859.65,2827583.16
0.0,2491306.0,355800.0,53381.56,2549742.8
0.0,2248134.0,307182.0,50467.03,1977305.6
0.0,2574652.0,370062.0,54904.63,2505087.99
0.0,2977498.0,450244.0,34111.55,4415101.49
0.0,2157081.0,292811.0,42177.82,1629912.33
0.0,1297096.0,168784.0,46326.05,1283993.43
0.0,2205442.0,307192.0,13583.1,1848709.24
0.0,1237618.0,169242.0,45822.05,1586322.43
0.0,1809984.0,258234.0,58056.74,1748173.12
0.0,1782256.0,244796.0,42385.05,1992250.05
0.0,1116998.0,142958.0,38413.43,894563.94
0.0,1324571.0,186663.0,16956.21,1180525.39
0.0,1988660.0,271532.0,55578.57,2200086.79
0.0,3066278.0,438120.0,55473.12,3884118.21
0.0,1732452.0,239362.0,48351.55,2161538.42
0.0,2494286.0,323960.0,7434.56,2149689.84
0.0,1619326.0,218672.0,40368.11,1511640.82
0.0,1406352.0,195660.0,56419.58,1453034.16
0.0,1845549.0,268677.0,57608.52,2267629.08
0.0,2800015.0,391971.0,48794.08,3537688.34
0.0,1245276.0,165340.0,15381.3,1099537.93
0.0,2534531.0,346407.0,23609.01,2827486.85
0.0,1616940.0,219574.0,39659.28,1580577.28
0.0,3575742.0,480066.0,16351.43,5131751.78
0.0,2895154.0,452492.0,56315.43,2538185.83
0.0,2890873.0,401521.0,63191.9,3829722.97
0.0,1489699.0,193239.0,29393.93,1096215.35
0.0,2565151.0,342877.0,54972.62,2413900.86
0.0,1744544.0,219164.0,57013.16,1434029.91
0.0,2130789.0,313903.0,62138.1,2797058.75
0.0,2958683.0,490871.0,6929.81,2194053.57
0.0,1991893.0,256449.0,57038.82,1466604.3
0.0,5078431.0,715523.0,56460.37,5569652.86
0.0,2148346.0,293016.0,48486.04,1899745.84
0.0,1544569.0,224785.0,38522.55,1666060.9
0.0,3779440.0,543074.0,15483.92,5346340.91
0.0,1766625.0,241517.0,16896.93,1957798.92
0.0,2484636.0,333404.0,54328.48,2769246.91
0.0,2536390.0,363060.0,39631.82,2725255.39
0.0,1643533.0,225515.0,30414.73,1491065.75
0.0,2886269.0,415685.0,38382.77,3596404.11
0.0,1853227.0,255897.0,18633.59,2000987.94
0.0,3602744.0,510274.0,55955.8,4033504.14
0.0,1676841.0,219343.0,40878.32,1196487.44
0.0,1898670.0,259266.0,32213.72,1802744.79
0.0,1901945.0,260679.0,6370.64,1524273.42
0.0,1553436.0,207168.0,61417.14,1269776.85
0.0,1700011.0,233615.0,30783.21,1651819.93
0.0,2490276.0,335318.0,35316.0,1763952.97
0.0,3149851.0,442621.0,29440.03,3689353.23
0.0,1427158.0,202324.0,61344.32,1664113.65
0.0,2782451.0,385141.0,60186.12,2845402.77
0.0,2068322.0,283260.0,62601.88,2234629.93
0.0,2636015.0,373631.0,58003.82,3511711.02
0.0,2178836.0,299974.0,28743.6,1852971.67
0.0,6736407.0,852981.0,27362.81,5066920.03
0.0,2488394.0,360280.0,57950.16,3001821.33
0.0,2094856.0,273364.0,52909.46,1883672.61
0.0,2793270.0,395664.0,42856.49,2841489.94
0.0,1765305.0,242669.0,4277.34,1715766.62
0.0,1644836.0,223596.0,13338.59,1539579.7
0.0,1780083.0,249127.0,36873.67,1967469.98
0.0,1913618.0,265820.0,30382.82,2050558.35
0.0,2059234.0,286772.0,51951.93,2167243.81
0.0,2092170.0,297664.0,44947.57,2375458.11
0.0,4813827.0,652387.0,5566.36,5450335.46
0.0,2245543.0,343979.0,43289.95,2454164.41
0.0,2332381.0,346907.0,14039.96,3065246.32
0.0,5220966.0,695992.0,60733.41,5778451.57
0.0,1492587.0,197289.0,41130.52,1122503.06
0.0,2178560.0,307722.0,54786.21,2089819.28
0.0,1907653.0,268621.0,29612.6,1990861.3
0.0,2664317.0,373941.0,52534.36,3566357.84
0.0,2099722.0,288470.0,16181.31,2244999.17
0.0,2246298.0,311544.0,29856.13,2506811.46
0.0,1642812.0,240444.0,33469.02,1925910.51
0.0,2059922.0,268114.0,32611.62,1844488.14
0.0,1989024.0,285858.0,37733.2,2274946.67
0.0,2087482.0,274660.0,24462.11,2276504.58
0.0,1797231.0,252145.0,19830.56,1495664.72
0.0,4151995.0,595445.0,33411.92,6623912.73
0.0,1450836.0,194972.0,20517.72,1039655.83
0.0,2431071.0,347831.0,56209.97,2566685.42
0.0,2522514.0,352708.0,39173.83,2927021.83
0.0,2074445.0,277903.0,56630.48,1631249.52
0.0,1806701.0,250861.0,44897.34,1807429.71
0.0,1506040.0,200538.0,63650.9,1575078.47
0.0,1785642.0,248674.0,35975.42,2249740.84
0.0,2558743.0,351359.0,56217.86,2543254.97
0.0,1956217.0,275537.0,25427.42,1926597.33
0.0,3019162.0,413328.0,49460.48,3194626.68
0.0,1962235.0,275007.0,40843.22,2028810.72
0.0,2091928.0,289630.0,21610.47,2397613.22
0.0,1945531.0,279997.0,39122.05,2089275.58
0.0,1670148.0,243178.0,33496.66,1843559.66
0.0,1632028.0,233558.0,27710.85,1455110.38
0.0,1979336.0,267292.0,47141.98,1826640.73
0.0,1599867.0,208055.0,59108.47,1476567.78
0.0,1536086.0,209732.0,39057.8,1197599.74
0.0,1833792.0,240652.0,51474.99,1552596.02
0.0,2677143.0,370021.0,39174.81,3312584.69
0.0,1590378.0,222976.0,43162.07,1668028.25
0.0,2630838.0,378808.0,58242.51,2990015.66
0.0,2382122.0,327692.0,48993.15,2502102.51
0.0,1963495.0,269569.0,29533.75,2007755.54
0.0,2852838.0,388754.0,35602.21,3661516.74
0.0,1878798.0,253558.0,54234.35,1616840.97
0.0,1730260.0,226488.0,30088.82,1478717.39
0.0,2069038.0,288366.0,27210.0,2669703.54
0.0,4450615.0,616361.0,9454.84,6154955.83
0.0,1356766.0,191694.0,39738.83,1082135.85
0.0,2589161.0,376617.0,55093.29,3072561.65
0.0,2159260.0,288614.0,28434.17,2264432.58
0.0,1397896.0,198272.0,58171.46,1421219.51
0.0,1336799.0,186525.0,52911.89,1301332.06
0.0,2714715.0,393841.0,25654.77,3835030.85
0.0,2569089.0,364341.0,40183.61,2911561.8
0.0,1663009.0,228331.0,32458.68,1427860.06
0.0,1348402.0,194170.0,41748.98,1512589.64
0.0,2786418.0,370102.0,49083.76,2599486.54
0.0,2094303.0,292073.0,1787.12,2293516.2
0.0,1978720.0,268624.0,24776.39,2431663.96
0.0,1998204.0,277574.0,64759.1,2245180.95
0.0,2286300.0,309340.0,57172.73,2371051.28
0.0,2263766.0,323846.0,43626.65,2527063.88
0.0,1863654.0,251228.0,59985.08,1452136.0
0.0,1630999.0,223247.0,43148.13,1739264.73
0.0,1493690.0,213308.0,60088.37,1397554.59
0.0,4279276.0,658324.0,12873.16,6879156.74
0.0,1779982.0,231424.0,26251.32,1385655.21
0.0,1841742.0,248316.0,50142.0,2495355.53
0.0,2665826.0,382334.0,41647.28,3233208.92
0.0,2255184.0,311732.0,58693.51,2291606.21
0.0,2185356.0,293214.0,60327.76,2295372.1
0.0,3359751.0,420939.0,23941.46,3112083.22
0.0,3273728.0,470148.0,57240.45,4163943.54
0.0,2238778.0,289174.0,45026.92,2175685.96
0.0,2411840.0,346772.0,49877.71,2849533.62
0.0,1502726.0,211280.0,30109.73,1417511.99
0.0,3669063.0,476957.0,61380.3,3200054.11
0.0,2251377.0,303969.0,50371.37,2217858.25
0.0,2108830.0,274424.0,40375.28,1878373.91
0.0,2195516.0,307158.0,61813.53,2538098.29
0.0,2495859.0,358659.0,60288.94,3460557.16
0.0,4181383.0,621803.0,51445.92,5829902.51
0.0,1563000.0,205292.0,48861.64,1457339.68
0.0,1511839.0,209109.0,31976.43,1198652.16
0.0,1912863.0,274293.0,54318.9,2473429.14
0.0,2593734.0,359384.0,61850.97,2813223.62
0.0,1416625.0,206775.0,59533.86,1762117.57
0.0,1662328.0,224070.0,52886.68,1464162.19
0.0,2077225.0,285489.0,41649.69,2177929.89
0.0,1961948.0,280166.0,60235.73,1892243.78
0.0,1334564.0,188040.0,7778.75,1463453.88
0.0,2484705.0,345405.0,19774.38,2856354.28
0.0,4519052.0,657758.0,19593.76,6275187.3
0.0,1780023.0,248055.0,31410.02,1509558.24
0.0,4500142.0,619448.0,65317.25,5525383.71
0.0,1995038.0,277242.0,62059.82,2247345.28
0.0,1711068.0,228028.0,55427.46,1649663.99
0.0,2368685.0,316147.0,10352.37,2778775.02
0.0,1629278.0,212382.0,39925.04,1465108.56
0.0,1981960.0,284448.0,39116.57,2284055.42
0.0,2152338.0,291362.0,55999.0,2053725.2
0.0,2125343.0,308257.0,55298.91,1880278.22
0.0,2456211.0,333999.0,38547.05,2478521.05
0.0,1726397.0,259271.0,57176.57,2842981.3
0.0,1018329.0,136209.0,47123.23,1227230.98
0.0,1045629.0,152457.0,23914.32,1600013.08
0.0,2169475.0,294245.0,22712.79,2369763.43
0.0,1057332.0,161642.0,65340.16,1486815.15
0.0,1150961.0,166311.0,58562.33,1252135.53
0.0,1708121.0,227327.0,17447.94,1723651.43
0.0,1624788.0,228952.0,36363.59,1493919.38
0.0,2246945.0,316233.0,55535.89,2596668.59
0.0,1840668.0,248654.0,14077.84,1696683.16
0.0,1984782.0,268690.0,42685.43,1617885.4
0.0,2625433.0,359519.0,57695.32,2581876.55
0.0,1944398.0,273110.0,44929.6,2165105.19
0.0,1919953.0,262951.0,21500.46,1842979.82
0.0,1924684.0,263128.0,41921.64,2092665.42
0.0,2055251.0,300285.0,36454.7,2696761.19
0.0,1892646.0,274160.0,64010.69,2024386.38
0.0,2428458.0,336842.0,54001.9,2106599.83
0.0,3408367.0,445171.0,28123.19,3602919.96
0.0,3205179.0,422405.0,45712.59,3609824.04
0.0,1816015.0,252811.0,42538.47,1330963.81
0.0,1884278.0,269100.0,60370.46,2505435.6
0.0,1878065.0,266651.0,46599.69,1856633.46
0.0,3715228.0,496702.0,43367.91,4316209.67
0.0,1810507.0,241151.0,49486.39,1108235.09
0.0,2460999.0,354087.0,29992.49,2645183.98
0.0,2190857.0,296075.0,38875.27,2046091.56
0.0,1693676.0,249610.0,51135.57,1832328.74
0.0,2688612.0,363598.0,49660.4,3074131.54
0.0,1898480.0,271890.0,37181.31,1722788.71
0.0,2761488.0,394902.0,65026.74,3801060.19
0.0,2580086.0,373026.0,29030.38,3365364.39
0.0,2069886.0,285494.0,11023.12,1944321.53
0.0,3298379.0,470549.0,49393.07,4390786.93
0.0,2945357.0,406113.0,51606.01,3309507.88
0.0,2482200.0,347202.0,33528.24,3013216.24
0.0,3109948.0,450476.0,64141.02,1730736.3
0.0,1741892.0,233858.0,45731.51,1281807.25
0.0,1668928.0,229566.0,64540.04,1609729.39
0.0,1922916.0,271618.0,51005.01,2216598.8
0.0,1330334.0,193862.0,59262.51,1261108.17
0.0,2346862.0,344802.0,58071.48,2594056.55
0.0,2370141.0,356799.0,42756.41,3012458.15
0.0,2047229.0,305189.0,35161.48,2141149.52
0.0,1643665.0,240507.0,10598.59,2068142.32
0.0,2893082.0,388802.0,63907.35,2819270.01
0.0,1552138.0,214158.0,43650.85,1589319.18
0.0,1686652.0,248050.0,52076.89,2079968.34
0.0,3138589.0,426643.0,25984.41,3575424.36
0.0,2381418.0,315078.0,31259.63,2242395.18
0.0,1931118.0,261302.0,57489.36,1723844.07
0.0,2379068.0,311378.0,58678.26,2353407.03
0.0,2222038.0,299854.0,50162.53,1774686.42
0.0,2146540.0,303458.0,48758.86,2537309.02
0.0,1875844.0,261384.0,65134.35,2341330.91
0.0,2074114.0,256444.0,23052.94,1929084.72
0.0,2255302.0,317454.0,33666.65,2227780.71
0.0,2071986.0,277118.0,55022.88,1874743.59
0.0,2144471.0,285771.0,25966.88,2314765.0
0.0,1848344.0,267384.0,50181.86,2013926.46
0.0,1451113.0,191965.0,21996.99,1282678.99
0.0,3820546.0,526348.0,51731.09,2916876.97
0.0,1989982.0,287720.0,33733.17,2611622.61
0.0,1069713.0,151175.0,27072.58,1007480.18
0.0,2074409.0,292227.0,38478.61,2143752.09
0.0,2358714.0,323576.0,57547.74,2324671.69
0.0,1808821.0,269549.0,53587.04,2267981.86
0.0,1462292.0,195516.0,36159.57,1719775.42
0.0,1576544.0,220024.0,58978.82,1670939.29
0.0,2030672.0,275290.0,63601.42,2017715.1
0.0,1969670.0,283218.0,51466.45,2896023.32
0.0,2021436.0,293714.0,27411.82,2363256.3
0.0,2243015.0,308653.0,61916.61,2398942.11
0.0,1651122.0,232006.0,58503.29,1457898.87
0.0,1571002.0,214822.0,52619.01,1771567.87
0.0,1846004.0,241308.0,24798.88,1238976.39
0.0,2101266.0,300324.0,52684.69,2498645.43
0.0,3293932.0,493828.0,53254.21,4723050.43
0.0,2029923.0,293675.0,59664.58,2127577.41
0.0,2328825.0,315841.0,62594.5,2169625.78
0.0,2079416.0,287336.0,14031.78,1998467.86
0.0,1635002.0,229878.0,57292.92,1713806.17
0.0,3055328.0,401194.0,57735.55,2962736.08
0.0,2478060.0,340884.0,26941.57,3087458.58
0.0,2144463.0,305161.0,23763.21,2470775.2
0.0,1949156.0,281930.0,46129.4,2188115.36
0.0,2277601.0,325295.0,23342.57,2775745.93
0.0,2225934.0,317730.0,38343.47,1624430.86
0.0,2218191.0,302031.0,59217.69,2534714.32
0.0,1446190.0,216370.0,39407.09,1895515.04
0.0,3561726.0,500184.0,25138.29,5030574.46
0.0,1698406.0,240830.0,30378.42,1923303.37
0.0,1887727.0,265875.0,41662.48,2211797.15
0.0,2266271.0,305659.0,21259.65,2311184.35
0.0,2003877.0,288079.0,46318.62,2103935.91
0.0,2188433.0,301611.0,60442.29,2603201.06
0.0,1856574.0,256606.0,58975.52,2034839.82
0.0,2481758.0,333168.0,47495.0,2837483.17
0.0,1692168.0,230138.0,40444.29,1704864.93
0.0,2216166.0,304420.0,55935.78,2549633.44
0.0,1705567.0,246397.0,19338.79,2233012.12
0.0,3275054.0,458866.0,63651.79,4171326.12
0.0,1638460.0,228614.0,29187.15,1307596.67
0.0,2405750.0,342324.0,56626.12,2658669.02
0.0,2052190.0,282792.0,19169.07,1844739.59
0.0,2062056.0,283316.0,54282.06,2594110.66
0.0,1874457.0,251741.0,56853.59,1407985.13
0.0,2707311.0,372949.0,60352.54,3325631.33
0.0,1935796.0,276146.0,59910.7,2092348.43
0.0,3827855.0,514759.0,24927.24,4068907.75
0.0,2970485.0,415661.0,57220.79,3144930.77
0.0,1882586.0,264028.0,64674.42,1922412.17
0.0,2529373.0,345691.0,33393.56,2880144.95
0.0,1660416.0,227176.0,35478.62,1461731.21
0.0,2127366.0,296764.0,61573.9,2137501.68
0.0,1765422.0,243872.0,63467.0,1754496.18
0.0,2177520.0,295470.0,61210.49,2031269.98
0.0,1640808.0,223414.0,18216.47,1345052.25
0.0,1154638.0,176460.0,48262.86,1663233.17
0.0,3096122.0,413110.0,63004.21,3365326.24
0.0,3591004.0,477946.0,29351.15,4776533.8
0.0,2251743.0,311777.0,38423.38,2327499.5
0.0,2167358.0,285476.0,28816.0,1738477.26
0.0,1396267.0,192135.0,49149.1,1514975.49
0.0,2500664.0,346726.0,63690.19,2534017.71
0.0,1974796.0,270618.0,62730.62,2357934.14
0.0,1922134.0,268346.0,47424.18,1821652.77
0.0,2472517.0,349541.0,57933.13,2964004.38
0.0,1291722.0,173830.0,54335.12,1110997.1
0.0,1294039.0,176095.0,53153.71,1252314.8
0.0,2345410.0,312066.0,62966.78,1572414.84
0.0,1319834.0,184246.0,64620.78,1158001.35
0.0,3025918.0,393372.0,43904.44,3456516.39
0.0,2352361.0,321627.0,18239.74,2882675.74
0.0,1832952.0,252322.0,59744.08,2296463.42
0.0,2310379.0,309947.0,65035.3,2213277.08
0.0,717207.0,103843.0,54340.69,807266.32
0.0,2002344.0,263534.0,45657.63,1394737.68
0.0,2841500.0,409272.0,56950.77,3860296.21
0.0,1670525.0,225009.0,44018.94,1430855.74
0.0,1710368.0,246036.0,39993.47,1926017.74
0.0,1783623.0,239355.0,38202.77,1342618.15
0.0,914662.0,136262.0,42518.24,1365549.97
0.0,2690844.0,388908.0,51491.89,3195372.96
0.0,1844524.0,235000.0,31394.55,1602638.16
0.0,2280370.0,324810.0,61583.36,2680414.56
0.0,2243335.0,318603.0,34353.36,2433448.84
0.0,4515163.0,676587.0,16868.46,7338629.96
0.0,3160799.0,446283.0,51636.86,3734328.51
0.0,2455355.0,331365.0,30591.51,2306838.73
0.0,4207417.0,616145.0,63157.91,6205447.26
0.0,2213209.0,317639.0,54752.71,2684898.9
0.0,2241555.0,320669.0,28654.64,2234151.15
0.0,1694982.0,223702.0,50975.05,1541932.89
0.0,1341260.0,183878.0,48543.41,1131397.19
0.0,1746758.0,249270.0,51720.7,1869228.56
0.0,1621890.0,220464.0,56181.8,1748701.89
0.0,1622662.0,244222.0,60548.38,2183966.24
0.0,3203491.0,428749.0,31356.84,3170236.42
0.0,2158693.0,308465.0,47014.03,2766657.16
0.0,1287056.0,167360.0,42683.21,1395134.09
0.0,1815651.0,260723.0,57169.05,1633433.58
0.0,1208898.0,161672.0,5938.03,1143477.94
0.0,4028584.0,523848.0,16892.87,4049417.45
0.0,2167430.0,302506.0,37280.77,2172278.49
0.0,1403380.0,191850.0,26229.29,1423866.02
0.0,1520755.0,209895.0,41528.37,1432118.13
0.0,2541785.0,374429.0,40576.09,2913648.15
0.0,2995147.0,415877.0,39853.87,3205155.53
0.0,1511131.0,219447.0,33782.76,1683690.85
0.0,2066832.0,303244.0,64607.24,2392987.62
0.0,2118818.0,292114.0,56891.46,2075269.7
0.0,2426867.0,320943.0,60968.81,1989164.63
0.0,2295532.0,328888.0,63238.58,2797640.21
0.0,2690356.0,368496.0,48821.4,2397032.51
0.0,2378388.0,334158.0,56774.85,2503193.73
0.0,1927056.0,267528.0,29391.98,1856235.36
0.0,3577835.0,488119.0,58736.22,4128709.65
0.0,1974203.0,272413.0,49812.31,1997885.95
0.0,4119115.0,555967.0,42392.22,5552264.44
0.0,2571427.0,357965.0,6719.51,2827680.3
0.0,2685227.0,367093.0,32126.1,2855139.64
0.0,1566059.0,216887.0,62298.21,1634212.56
0.0,2371380.0,355702.0,58076.58,3412721.05
0.0,1933807.0,277469.0,45074.28,1992393.41
0.0,1950441.0,268059.0,41519.45,1681113.53
0.0,1845082.0,262422.0,50705.16,1946021.56
0.0,2038184.0,279002.0,60913.61,1691991.17
0.0,2049022.0,284116.0,18856.77,2164450.77
0.0,1493800.0,214262.0,57748.22,2148795.33
0.0,1575462.0,219266.0,23123.34,1653714.2
0.0,2176503.0,297843.0,64827.98,2238962.55
0.0,2256464.0,317092.0,39024.4,2253203.0
0.0,4960365.0,676229.0,36290.27,6457909.26
0.0,1561893.0,225257.0,29250.24,1429751.46
0.0,2783722.0,391646.0,55053.99,3195291.72
0.0,1215309.0,168701.0,31749.47,920145.26
0.0,3065437.0,417097.0,40284.49,3036063.76
0.0,1501784.0,203582.0,65071.21,1697879.42
0.0,3176951.0,439575.0,32363.19,3084866.43
0.0,2375511.0,327675.0,35343.04,2274561.51
0.0,2066815.0,271395.0,56875.8,1576964.89
0.0,2366691.0,333907.0,55449.09,3112081.38
0.0,1971189.0,273549.0,62984.26,2333954.32
0.0,2704739.0,386295.0,63672.71,3245037.68
0.0,1752144.0,230774.0,57656.35,1287698.42
0.0,2857138.0,407760.0,65431.07,4507638.57
0.0,2176354.0,298130.0,38154.33,2229670.52
0.0,1513448.0,208246.0,20763.82,1658113.23
0.0,2108209.0,286947.0,60625.84,2066412.92
0.0,1989270.0,272852.0,49014.15,1931838.67
0.0,1812039.0,246993.0,45577.59,1917657.64
0.0,1032693.0,146613.0,45128.13,1011552.61
0.0,2052020.0,290702.0,25362.86,1763094.46
0.0,3057712.0,417844.0,63089.07,3499012.09
0.0,2185481.0,300723.0,53561.15,1611892.35
0.0,1562634.0,223010.0,26941.42,1733891.55
0.0,2004012.0,283886.0,64014.98,2396825.88
0.0,1882885.0,269447.0,40266.29,1912213.47
0.0,3006523.0,434811.0,55855.27,3716600.66
0.0,1881545.0,251495.0,64137.96,1540700.15
0.0,1466744.0,211750.0,23987.34,1585417.51
0.0,1564564.0,215374.0,57274.1,1435756.17
0.0,2909614.0,422388.0,27203.47,4242347.5
0.0,4252846.0,592890.0,30719.03,4912243.43
0.0,1702259.0,231521.0,31099.4,1324515.1
0.0,2370411.0,344219.0,53469.53,2838250.85
0.0,2568013.0,348191.0,44006.4,2255093.27
0.0,1389596.0,197502.0,26699.27,1353239.94
0.0,1181169.0,168219.0,51122.69,1195562.94
0.0,2002878.0,268228.0,10743.93,1664312.52
0.0,2121271.0,285895.0,58559.08,2328650.12
0.0,2678562.0,375012.0,49243.64,3266981.05
0.0,2642998.0,349352.0,53626.4,2391232.08
0.0,1842074.0,260754.0,43380.4,1833751.98
0.0,1815855.0,249849.0,5398.44,2074588.44
0.0,2783863.0,387915.0,62189.24,3337295.46
0.0,537660.0,78910.0,40642.12,590314.22
0.0,1699791.0,248285.0,58962.3,2017416.42
0.0,1297345.0,178525.0,37800.55,1118134.58
0.0,693219.0,92297.0,38930.45,785754.57
0.0,1173353.0,169479.0,60285.09,1411862.65
0.0,1612808.0,228376.0,45174.91,1888721.88
0.0,1511050.0,208212.0,25724.69,1499915.2
0.0,1525312.0,205884.0,29948.22,1859235.5
0.0,886841.0,129445.0,36911.82,1354445.57
0.0,1051789.0,145891.0,28433.85,1257197.0
0.0,1008765.0,147447.0,13085.97,1386839.83
0.0,1173561.0,168939.0,36504.83,1286096.87
0.0,774014.0,116124.0,37489.99,1254081.98
0.0,1303204.0,201046.0,23910.23,2110073.86
0.0,705023.0,100219.0,65233.73,753030.34
0.0,1230088.0,168970.0,64224.6,1344228.16
0.0,1385090.0,210178.0,29946.0,1642136.77
